trigger_id;timestamp_trigger;league;match;matchup_id;market;ah_line;steam_side;steam_points;steam_odd_at_trigger;opposite_odd_at_trigger;episodes_at_trigger;observations_at_trigger;movement_score;persistence_score;timing_score;steam_dominance_pct;fvs_score;hours_until_match_start;status;pinnacle_source
1637110375-ah1-home_-1-1790510423-TRG;2026-09-27T12:00:23.205910+00:00;Greece - Super League 2;Ellas Syrou vs Pyrgos;1637110375;spread;AH-1;away;1.0;1.758;2.02;1;1;49.91;0.0;99.45;100.0;64.18;1.98;TRIGGERED;Pinnacle
1636866934-ah1-away_-1-1790513049-TRG;2026-09-27T12:44:09.449025+00:00;UEFA - Nations League D;Gibraltar vs Andorra;1636866934;spread;AH-1;away;-1.0;1.8;1.917;1;1;64.89;0.0;100.0;100.0;68.54;3.26;TRIGGERED;Pinnacle
1637158331-ah1-home_-1-1790513049-TRG;2026-09-27T12:44:09.449025+00:00;Argentina - Torneo Federal A;Olimpo Bahia Blanca vs Gimnasia Chivilcoy;1637158331;spread;AH-1;away;1.0;1.645;2.05;1;1;43.23;0.0;100.0;100.0;62.35;5.75;TRIGGERED;Pinnacle
1637215386-ah1-home_-1-1790513357-TRG;2026-09-27T12:49:17.976316+00:00;Turkey - 2nd League;Corluspor 1947 vs Isparta 32 Spor;1637215386;spread;AH-1;home;-1.0;1.775;2.03;1;1;51.95;0.0;54.41;100.0;58.33;0.18;TRIGGERED;Pinnacle
1637165548-ah1-home_-1-1790514291-TRG;2026-09-27T13:04:51.499487+00:00;Bulgaria - Second League;Chernomorets 1919 Burgas vs Montana;1637165548;spread;AH-1;home;-1.0;1.752;2.01;1;1;100.0;0.0;72.51;100.0;74.64;0.9;TRIGGERED;Pinnacle
1637152101-ah1-home_-1-1790515170-TRG;2026-09-27T13:19:30.256424+00:00;Nigeria - NPFL;Ikorodu City vs Enugu Rangers International;1637152101;spread;AH-1;home;-1.0;1.855;1.885;1;1;30.72;0.0;91.44;100.0;57.55;1.66;TRIGGERED;Pinnacle
1637148812-ah1-home_-1-1790516340-TRG;2026-09-27T13:39:00.910251+00:00;Sweden - Division 1 Norra;IF Karlstad vs Karlbergs;1637148812;spread;AH-1;home;-1.0;1.833;1.99;1;1;84.56;0.0;58.32;100.0;68.21;0.33;TRIGGERED;Pinnacle
1637148810-ah1-home_-1-1790516340-TRG;2026-09-27T13:48:32.485975+00:00;Bulgaria - Second League;CSKA Sofia II vs Sportist Svoge;1637148810;spread;AH-1;away;1.0;1.833;1.909;2;2;82.39;32.32;54.72;100.0;74.0;0.35;TRIGGERED;Pinnacle
1637152101-ah1-home_-1-1790519998-TRG;2026-09-27T14:53:35.824913+00:00;Nigeria - NPFL;Ikorodu City vs Enugu Rangers International;1637152101;spread;AH-1;away;1.0;1.877;1.862;2;2;51.49;36.85;52.37;100.0;65.8;0.32;TRIGGERED;Pinnacle
1636866935-ah1-home_-1-1790522930-TRG;2026-09-27T15:41:38.249291+00:00;UEFA - Nations League B;Austria vs Kosovo;1636866935;spread;AH-1;home;-1.0;1.971;1.935;2;2;44.02;36.03;57.34;100.0;64.2;0.51;TRIGGERED;Pinnacle
1637154310-ah1-home_-1-1790524456-TRG;2026-09-27T15:54:16.362866+00:00;Guatemala - Liga Nacional;Coban Imperial vs Aurora FC;1637154310;spread;AH-1;home;-1.0;1.82;1.971;1;1;38.85;0.0;100.0;100.0;61.1;3.08;TRIGGERED;Pinnacle
1637154310-ah1-home_-1-1790535364-TRG;2026-09-27T18:56:04.481013+00:00;Guatemala - Liga Nacional;Coban Imperial vs Aurora FC;1637154310;spread;AH-1;away;1.0;1.813;2.02;1;1;74.12;0.0;51.56;100.0;64.26;0.06;TRIGGERED;Pinnacle
1637155112-ah1-home_-1-1790543465-TRG;2026-09-27T21:11:05.498865+00:00;Brazil - Serie B;Fortaleza vs Athletic Club;1637155112;spread;AH-1;home;-1.0;2.0;1.893;1;1;39.68;0.0;57.82;100.0;55.31;0.31;TRIGGERED;Pinnacle
1637268781-ah1-home_-1-1790548767-TRG;2026-09-27T22:39:27.240213+00:00;Jamaica - Premier League;Waterhouse vs Treasure Beach;1637268781;spread;AH-1;away;1.0;1.84;1.917;1;1;58.92;0.0;100.0;100.0;66.84;2.34;TRIGGERED;Pinnacle
1637155135-ah1-home_-1-1790549117-TRG;2026-09-27T22:45:17.461754+00:00;USA - USL League One;One Knoxville vs Westchester SC;1637155135;spread;AH-1;home;-1.0;1.87;1.952;1;1;73.17;0.0;56.0;100.0;64.62;0.24;TRIGGERED;Pinnacle
1637157215-ah1-home_-1-1790566120-TRG;2026-09-28T03:28:40.312343+00:00;FIFA - ASEAN Cup Division 1;Singapore vs Bangladesh;1637157215;spread;AH-1;home;-1.0;1.813;2.01;1;1;63.29;0.0;100.0;100.0;68.08;5.52;TRIGGERED;Pinnacle
1637165486-ah1-away_-1-1790583190-TRG;2026-09-28T08:25:19.755399+00:00;FIFA - ASEAN Cup Division 1;Malaysia vs Indonesia;1637165486;spread;AH-1;home;1.0;1.855;1.952;2;2;30.97;35.38;100.0;100.0;66.43;4.27;TRIGGERED;Pinnacle
1637165486-ah1-away_-1-1790584833-TRG;2026-09-28T08:40:33.719765+00:00;FIFA - ASEAN Cup Division 1;Malaysia vs Indonesia;1637165486;spread;AH-1;away;-1.0;1.758;1.952;1;1;86.65;0.0;100.0;100.0;74.76;3.81;TRIGGERED;Pinnacle
1637225863-ah1-home_-1-1790603460-TRG;2026-09-28T13:51:00.914846+00:00;Brazil - Carioca B2;Barra Mansa vs Buzios;1637225863;spread;AH-1;home;-1.0;1.82;1.893;1;1;56.35;0.0;100.0;100.0;66.1;4.14;TRIGGERED;Pinnacle
1637175366-ah1-home_-1-1790606269-TRG;2026-09-28T14:37:49.582087+00:00;CONCACAF - Nations League A;Suriname vs Martinique;1637175366;spread;AH-1;away;1.0;1.8;2.07;1;1;34.19;0.0;100.0;100.0;59.77;7.36;TRIGGERED;Pinnacle
1637225863-ah1-home_-1-1790609800-TRG;2026-09-28T15:36:40.677609+00:00;Brazil - Carioca B2;Barra Mansa vs Buzios;1637225863;spread;AH-1;away;1.0;1.758;1.962;1;1;34.1;0.0;100.0;100.0;59.74;2.38;TRIGGERED;Pinnacle
1637370448-ah1-home_-1-1790614297-TRG;2026-09-28T16:51:37.677558+00:00;Peru - Liga 3;Cesar Vallejo II vs Juventus Huamachuco;1637370448;spread;AH-1;home;-1.0;1.763;1.99;1;1;80.69;0.0;78.34;100.0;69.96;1.13;TRIGGERED;Pinnacle
1637173024-ah1-home_-1-1790626947-TRG;2026-09-28T20:22:27.254570+00:00;Colombia - Primera B;Internacional de Palmira vs Leones FC;1637173024;spread;AH-1;home;-1.0;1.82;2.05;1;1;71.19;0.0;65.49;100.0;65.41;0.62;TRIGGERED;Pinnacle
1637173024-ah1-home_-1-1790627972-TRG;2026-09-28T20:39:32.095528+00:00;Colombia - Primera B;Internacional de Palmira vs Leones FC;1637173024;spread;AH-1;away;1.0;1.909;1.943;1;1;57.32;0.0;58.5;100.0;60.45;0.34;TRIGGERED;Pinnacle
1637175366-ah1-home_-1-1790630687-TRG;2026-09-28T21:24:47.293536+00:00;CONCACAF - Nations League A;Suriname vs Martinique;1637175366;spread;AH-1;home;-1.0;1.962;1.893;1;1;43.48;0.0;64.6;100.0;57.37;0.58;TRIGGERED;Pinnacle
1637183975-ah1-away_-1-1790640642-TRG;2026-09-29T00:10:42.533116+00:00;Japan - League Cup;Consadole Sapporo vs Fagiano Okayama;1637183975;spread;AH-1;away;-1.0;1.84;1.971;1;1;51.82;0.0;77.38;100.0;61.57;9.81;TRIGGERED;Pinnacle
1637218383-ah1-away_-1-1790646534-TRG;2026-09-29T01:48:54.720127+00:00;Slovakia - Cup;Inter Bratislava vs Podbrezova;1637218383;spread;AH-1;home;1.0;1.862;1.847;1;1;53.6;0.0;53.99;100.0;58.74;11.68;TRIGGERED;Pinnacle
1637218383-ah1-away_-1-1790647400-TRG;2026-09-29T02:03:20.553720+00:00;Slovakia - Cup;Inter Bratislava vs Podbrezova;1637218383;spread;AH-1;home;1.0;1.769;1.952;1;1;41.62;0.0;57.07;100.0;55.76;11.43;TRIGGERED;Pinnacle
1637183971-ah1-away_-1-1790665997-TRG;2026-09-29T07:13:17.116610+00:00;Japan - League Cup;Fujieda MYFC vs Cerezo Osaka;1637183971;spread;AH-1;away;-1.0;1.781;1.99;1;1;100.0;0.0;100.0;100.0;78.57;2.77;TRIGGERED;Pinnacle
1637218383-ah1-away_-1-1790667351-TRG;2026-09-29T07:35:51.264229+00:00;Slovakia - Cup;Inter Bratislava vs Podbrezova;1637218383;spread;AH-1;away;-1.0;1.769;1.952;1;1;54.59;0.0;100.0;100.0;65.6;5.9;TRIGGERED;Pinnacle
1637181799-ah1-away_-1-1790671341-TRG;2026-09-29T08:42:21.254961+00:00;Japan - League Cup;Fukushima United vs Mito HollyHock;1637181799;spread;AH-1;home;1.0;1.952;1.885;1;1;51.28;0.0;82.03;100.0;62.08;1.28;TRIGGERED;Pinnacle
1637218383-ah1-away_-1-1790672823-TRG;2026-09-29T09:07:03.474029+00:00;Slovakia - Cup;Inter Bratislava vs Podbrezova;1637218383;spread;AH-1;home;1.0;1.87;1.84;1;1;35.01;0.0;100.0;100.0;60.0;4.37;TRIGGERED;Pinnacle
1637181799-ah1-away_-1-1790674099-TRG;2026-09-29T09:28:19.459019+00:00;Japan - League Cup;Fukushima United vs Mito HollyHock;1637181799;spread;AH-1;home;1.0;1.877;1.909;1;1;36.1;0.0;63.04;100.0;55.04;0.52;TRIGGERED;Pinnacle
1637183975-ah1-away_-1-1790675171-TRG;2026-09-29T09:46:11.730258+00:00;Japan - League Cup;Consadole Sapporo vs Fagiano Okayama;1637183975;spread;AH-1;home;1.0;1.862;1.99;1;1;46.08;0.0;55.45;100.0;56.8;0.22;TRIGGERED;Pinnacle
1637312171-ah1-home_-1-1790687899-TRG;2026-09-29T13:18:19.244040+00:00;Israel - Liga Bet;Bnei Yehud vs Hakoah Amidar Ramat Gan;1637312171;spread;AH-1;home;-1.0;1.833;1.877;1;1;36.52;0.0;100.0;100.0;60.43;4.44;TRIGGERED;Pinnacle
1637208916-ah1-away_-1-1790690457-TRG;2026-09-29T14:00:57.739192+00:00;CAF - Africa Cup of Nations Qualifiers;Liberia vs Mali;1637208916;spread;AH-1;home;1.0;1.893;1.926;1;1;44.58;0.0;100.0;100.0;62.74;4.98;TRIGGERED;Pinnacle
1636868420-ah1-home_-1-1790693009-TRG;2026-09-29T14:43:29.880253+00:00;UEFA - Nations League C;Finland vs Belarus;1636868420;spread;AH-1;home;-1.0;1.885;2.0;1;1;43.97;0.0;81.67;100.0;59.94;1.27;TRIGGERED;Pinnacle
1637206068-ah1-away_-1-1790694284-TRG;2026-09-29T15:04:44.481851+00:00;England - Isthmian Division 1 North;Fakenham Town vs Felixstowe and Walton United;1637206068;spread;AH-1;home;1.0;1.855;1.855;1;1;49.04;0.0;100.0;100.0;64.01;3.66;TRIGGERED;Pinnacle
1637208902-ah1-home_-1-1790698921-TRG;2026-09-29T16:22:01.023152+00:00;England - Southern Premier League Central;Bromsgrove Sporting vs Leamington;1637208902;spread;AH-1;home;-1.0;1.794;1.971;1;1;36.85;0.0;100.0;100.0;60.53;2.37;TRIGGERED;Pinnacle
1637312171-ah1-home_-1-1790702449-TRG;2026-09-29T17:20:49.793633+00:00;Israel - Liga Bet;Bnei Yehud vs Hakoah Amidar Ramat Gan;1637312171;spread;AH-1;away;1.0;1.8;1.943;1;1;40.94;0.0;59.96;100.0;55.98;0.4;TRIGGERED;Pinnacle
1637312171-ah1-home_-1-1790703274-TRG;2026-09-29T17:34:34.040813+00:00;Israel - Liga Bet;Bnei Yehud vs Hakoah Amidar Ramat Gan;1637312171;spread;AH-1;home;-1.0;1.833;1.909;1;1;47.18;0.0;54.18;100.0;56.93;0.17;TRIGGERED;Pinnacle
1636867984-ah1-home_-1-1790703483-TRG;2026-09-29T17:38:03.416021+00:00;UEFA - Nations League B;Slovenia vs North Macedonia;1636867984;spread;AH-1;home;-1.0;1.98;1.926;1;1;47.62;0.0;77.71;100.0;60.42;1.11;TRIGGERED;Pinnacle
1637208902-ah1-home_-1-1790705334-TRG;2026-09-29T18:08:54.400700+00:00;England - Southern Premier League Central;Bromsgrove Sporting vs Leamington;1637208902;spread;AH-1;away;1.0;1.781;2.02;1;1;73.0;0.0;64.72;100.0;65.82;0.59;TRIGGERED;Pinnacle
1637435199-ah1-away_-1-1790712012-TRG;2026-09-29T20:00:12.442354+00:00;Chile - Cup;Puerto Montt vs Colo Colo;1637435199;spread;AH-1;home;1.0;1.84;1.99;1;1;51.82;0.0;74.72;100.0;61.19;0.99;TRIGGERED;Pinnacle
1637435199-ah1-away_-1-1790714646-TRG;2026-09-29T20:44:06.864407+00:00;Chile - Cup;Puerto Montt vs Colo Colo;1637435199;spread;AH-1;away;-1.0;1.847;1.971;1;1;59.88;0.0;56.52;100.0;60.9;0.26;TRIGGERED;Pinnacle
1637453275-ah1-home_-1-1790718561-TRG;2026-09-29T21:49:21.650976+00:00;Solomon Islands - S-League;Southern United vs Marist Fire;1637453275;spread;AH-1;home;-1.0;1.725;1.926;1;1;32.05;0.0;100.0;100.0;59.16;2.17;TRIGGERED;Pinnacle
1637259104-ah1-home_-1-1790746958-TRG;2026-09-30T05:42:38.653365+00:00;Arabian Gulf Cup;United Arab Emirates vs Qatar;1637259104;spread;AH-1;home;-1.0;1.833;1.885;2;2;91.83;0.0;52.73;74.26;60.29;11.78;TRIGGERED;Pinnacle
1637281671-ah1-away_-1-1790756241-TRG;2026-09-30T08:17:21.784830+00:00;England - Southern League Division 1;Aylesbury United vs Waltham Abbey;1637281671;spread;AH-1;home;1.0;1.781;1.935;1;1;36.25;0.0;69.26;100.0;55.97;10.46;TRIGGERED;Pinnacle
1637424287-ah1-away_-1-1790759284-TRG;2026-09-30T09:08:04.332418+00:00;India - Bangalore Super Division;Technico FF vs United Stars;1637424287;spread;AH-1;away;-1.0;1.806;1.935;1;1;41.64;0.0;83.92;100.0;59.6;1.36;TRIGGERED;Pinnacle
1637244591-ah1-away_-1-1790760073-TRG;2026-09-30T09:21:13.095673+00:00;Israel - Liga Alef;AS Nordia Jerusalem vs Hapoel Hadera;1637244591;spread;AH-1;home;1.0;1.752;1.971;1;1;39.86;0.0;100.0;100.0;61.39;7.48;TRIGGERED;Pinnacle
1637281671-ah1-away_-1-1790769721-TRG;2026-09-30T12:02:01.172868+00:00;England - Southern League Division 1;Aylesbury United vs Waltham Abbey;1637281671;spread;AH-1;away;-1.0;1.862;1.847;1;1;34.74;0.0;100.0;100.0;59.93;6.71;TRIGGERED;Pinnacle
1637209860-ah1-away_-1-1790770132-TRG;2026-09-30T12:08:52.538833+00:00;Norway - Cup;Honefoss vs KFUM Oslo;1637209860;spread;AH-1;home;1.0;1.885;1.826;1;1;36.36;0.0;100.0;100.0;60.39;3.85;TRIGGERED;Pinnacle
1637209860-ah1-away_-1-1790770947-TRG;2026-09-30T12:22:27.332735+00:00;Norway - Cup;Honefoss vs KFUM Oslo;1637209860;spread;AH-1;home;1.0;1.813;1.901;1;1;31.83;0.0;100.0;100.0;59.09;3.61;TRIGGERED;Pinnacle
1637281671-ah1-away_-1-1790772385-TRG;2026-09-30T12:46:25.884352+00:00;England - Southern League Division 1;Aylesbury United vs Waltham Abbey;1637281671;spread;AH-1;away;-1.0;1.794;1.926;1;1;30.43;0.0;100.0;100.0;58.7;5.97;TRIGGERED;Pinnacle
1637426517-ah1-away_-1-1790786870-TRG;2026-09-30T16:47:50.992740+00:00;Paraguay - Tercera Division;3 de Febrero vs Club Sportivo Limpeno;1637426517;spread;AH-1;home;1.0;1.735;1.87;1;1;56.84;0.0;79.9;100.0;63.37;1.2;TRIGGERED;Pinnacle
1637426520-ah1-home_-1-1790796755-TRG;2026-09-30T19:32:35.978242+00:00;Guatemala - Primera Division de Ascenso;Deportivo Iztapa vs Juventud Copalera;1637426520;spread;AH-1;home;-1.0;1.752;1.935;1;1;55.5;0.0;86.16;100.0;63.88;1.45;TRIGGERED;Pinnacle
1637424305-ah1-home_-1-1790808749-TRG;2026-09-30T22:52:29.322682+00:00;Panama - Liga Prom;Potros del Este vs Champions Academy;1637424305;spread;AH-1;away;1.0;1.752;2.01;1;1;85.38;0.0;52.99;100.0;67.68;0.12;TRIGGERED;Pinnacle
1637259151-ah1-home_-1-1790818285-TRG;2026-10-01T01:31:25.100224+00:00;USA - USL Championship;Sacramento Republic vs Las Vegas Lights;1637259151;spread;AH-1;home;-1.0;1.806;2.06;1;1;55.56;0.0;61.71;100.0;60.4;0.47;TRIGGERED;Pinnacle
1637446237-ah1-home_-1-1790822843-TRG;2026-10-01T02:47:23.944517+00:00;Oman - Cup;Al-Nasr vs Samail;1637446237;spread;AH-1;away;1.0;1.862;1.847;1;1;34.74;0.0;66.21;100.0;55.1;10.7;TRIGGERED;Pinnacle
1637446237-ah1-home_-1-1790823704-TRG;2026-10-01T03:01:44.159093+00:00;Oman - Cup;Al-Nasr vs Samail;1637446237;spread;AH-1;away;1.0;1.781;1.935;1;1;36.25;0.0;69.2;100.0;55.96;10.46;TRIGGERED;Pinnacle
1637448194-ah1-away_-1-1790839210-TRG;2026-10-01T07:20:10.655706+00:00;India - Bangalore Super Division;HAL SC Bangalore vs FC Bengaluru United;1637448194;spread;AH-1;home;1.0;1.813;1.926;1;1;63.29;0.0;66.47;100.0;63.29;0.66;TRIGGERED;Pinnacle
1637448194-ah1-away_-1-1790840995-TRG;2026-10-01T07:49:55.290634+00:00;India - Bangalore Super Division;HAL SC Bangalore vs FC Bengaluru United;1637448194;spread;AH-1;away;-1.0;1.806;1.862;1;1;51.92;0.0;53.88;100.0;58.25;0.16;TRIGGERED;Pinnacle
1637402922-ah1-home_-1-1790842984-TRG;2026-10-01T08:23:04.267699+00:00;Israel - Liga Alef;Maccabi Yavne vs Ironi Beit Shemesh;1637402922;spread;AH-1;home;-1.0;1.775;1.926;1;1;35.94;0.0;100.0;100.0;60.27;7.1;TRIGGERED;Pinnacle
1637402922-ah1-home_-1-1790852063-TRG;2026-10-01T10:54:23.901948+00:00;Israel - Liga Alef;Maccabi Yavne vs Ironi Beit Shemesh;1637402922;spread;AH-1;away;1.0;1.855;1.84;1;1;52.61;0.0;100.0;100.0;65.03;4.59;TRIGGERED;Pinnacle
1637402922-ah1-home_-1-1790852870-TRG;2026-10-01T11:07:50.338104+00:00;Israel - Liga Alef;Maccabi Yavne vs Ironi Beit Shemesh;1637402922;spread;AH-1;home;-1.0;1.746;1.962;1;1;42.57;0.0;100.0;100.0;62.16;4.37;TRIGGERED;Pinnacle
1637277956-ah1-home_-1-1790856747-TRG;2026-10-01T12:12:27.362312+00:00;FIFA - ASEAN Cup Division 1;Malaysia vs Singapore;1637277956;spread;AH-1;away;1.0;1.901;1.935;1;1;64.32;0.0;57.28;100.0;62.28;0.29;TRIGGERED;Pinnacle
1637290074-ah1-home_-1-1790864289-TRG;2026-10-01T14:18:09.499768+00:00;Qatar - Stars Cup;Al-Shamal vs Muaither;1637290074;spread;AH-1;away;1.0;1.847;1.847;1;1;34.18;0.0;100.0;100.0;59.77;2.94;TRIGGERED;Pinnacle
1637290096-ah1-home_-1-1790864698-TRG;2026-10-01T14:24:58.678779+00:00;Peru - League Cup;Sporting Cristal vs Asociacion Deportiva Tarma;1637290096;spread;AH-1;away;1.0;1.775;1.926;1;1;51.95;0.0;100.0;100.0;64.84;5.57;TRIGGERED;Pinnacle
1637443913-ah1-home_-1-1790868334-TRG;2026-10-01T15:25:34.931717+00:00;CAF - Africa Cup of Nations Qualifiers;Guinea vs Kenya;1637443913;spread;AH-1;home;-1.0;1.885;1.971;1;1;59.52;0.0;64.32;100.0;61.91;0.57;TRIGGERED;Pinnacle
1637278023-ah1-home_-1-1790870739-TRG;2026-10-01T16:05:39.701238+00:00;Qatar - Stars Cup;Qatar SC vs Al Bidda;1637278023;spread;AH-1;home;-1.0;1.758;1.855;1;1;62.69;0.0;78.64;100.0;64.86;1.15;TRIGGERED;Pinnacle
1636866909-ah1-away_-1-1790872879-TRG;2026-10-01T16:41:19.202005+00:00;UEFA - Nations League A;Greece vs Netherlands;1636866909;spread;AH-1;away;-1.0;1.855;1.943;1;1;49.04;0.0;100.0;100.0;64.01;2.04;TRIGGERED;Pinnacle
