episode_id;timestamp_start;timestamp_end;league;match;matchup_id;market;ah_line;steam_side;steam_points;steam_start_odd;steam_end_odd;steam_movement_pct;opposite_movement_pct;opposite_side;opposite_points;opposite_start_odd;opposite_end_odd;steam_dominance_pct;base_prob_pct;observations;duration_minutes;hours_until_match_start;movement_score;persistence_score;timing_score;fvs_score
1636714053-ou25-1790116688;2026-09-22T22:38:08.104257+00:00;2026-09-22T22:38:08.104257+00:00;Chile - Cup;Cobreloa vs Coquimbo Unido;1636714053;total;OU-2.5;under;2.5;1.8;1.8;1.099;1.099;under;2.5;1.8;1.8;100.0;53.13;1;0;0.86;9.16;0.0;71.57;49.93
1637053126-ou25-1790122153;2026-09-23T00:09:13.270297+00:00;2026-09-23T00:09:13.270297+00:00;Mexico - Copa Promesas MX;Soles de Sonora vs Deportivo Etchojoa;1637053126;total;OU-2.5;under;2.5;1.909;1.909;1.75;1.75;under;2.5;1.909;1.909;100.0;48.98;1;0;1.84;14.58;0.0;96.04;52.22
1636532745-ah1-home_-1-1790123988;2026-09-23T00:39:48.901999+00:00;2026-09-23T00:39:48.901999+00:00;Colombia - Primera A;Independiente Santa Fe vs Deportivo Cali;1636532745;spread;AH-1;home;-1.0;1.769;1.769;1.394;0.0;away;1.0;1.962;1.962;100.0;52.59;1;0;0.33;11.61;0.0;58.36;48.93
1636769026-ah1-away_-1-1790131591;2026-09-23T02:46:31.671173+00:00;2026-09-23T02:46:31.671173+00:00;Czech Republic - Cup;Kladno vs Banik Ostrava;1636769026;spread;AH-1;away;-1.0;1.84;1.84;0.0;3.359;home;1.0;1.87;1.87;0.0;50.4;1;0;11.21;0.0;0.0;59.82;21.1
1636738975-ah1-home_-1-1790137389;2026-09-23T04:23:09.428126+00:00;2026-09-23T04:23:09.428126+00:00;Cambodia - Cup;Preah Sihanouk Province vs Kep Province;1636738975;spread;AH-1;home;-1.0;1.775;1.775;6.628;0.0;away;1.0;1.943;1.943;100.0;52.26;1;0;4.11;55.23;0.0;100.0;61.72
1636738975-ah1-home_-1-1790138254;2026-09-23T04:37:34.745607+00:00;2026-09-23T04:37:34.745607+00:00;Cambodia - Cup;Preah Sihanouk Province vs Kep Province;1636738975;spread;AH-1;home;-1.0;1.826;1.826;0.0;2.985;away;1.0;1.885;1.885;0.0;50.79;1;0;3.86;0.0;0.0;100.0;25.24
1636738975-ah1-home_-1-1790139119;2026-09-23T04:51:59.275980+00:00;2026-09-23T04:51:59.275980+00:00;Cambodia - Cup;Preah Sihanouk Province vs Kep Province;1636738975;spread;AH-1;home;-1.0;1.87;1.87;0.0;2.387;away;1.0;1.84;1.84;0.0;49.6;1;0;3.63;0.0;0.0;100.0;24.88
1636739074-ah1-home_-1-1790140332;2026-09-23T05:12:12.785532+00:00;2026-09-23T05:12:12.785532+00:00;Japan - Cup;Vissel Kobe vs Sagan Tosu;1636739074;spread;AH-1;home;-1.0;1.826;1.826;0.0;1.932;away;1.0;2.03;2.03;0.0;52.65;1;0;2.78;0.0;0.0;100.0;25.79
1636739074-ou25-1790140332;2026-09-23T05:12:12.785532+00:00;2026-09-23T05:12:12.785532+00:00;Japan - Cup;Vissel Kobe vs Sagan Tosu;1636739074;total;OU-2.5;under;2.5;1.935;1.935;4.68;4.68;under;2.5;1.935;1.935;100.0;49.56;1;0;2.78;39.0;0.0;100.0;57.67
1636769026-ah1-away_-1-1790140684;2026-09-23T05:18:04.557141+00:00;2026-09-23T05:18:04.557141+00:00;Czech Republic - Cup;Kladno vs Banik Ostrava;1636769026;spread;AH-1;away;-1.0;1.781;1.781;3.207;0.0;home;1.0;1.935;1.935;100.0;52.07;1;0;8.7;26.72;0.0;91.27;55.09
1636836388-ou25-1790140684;2026-09-23T05:18:04.557141+00:00;2026-09-23T05:18:04.557141+00:00;North Macedonia - 1st League;Bregalnica Stip vs FK Skopje;1636836388;total;OU-2.5;under;2.5;1.847;1.847;4.548;4.548;under;2.5;1.847;1.847;100.0;50.2;1;0;10.69;37.9;0.0;66.39;54.28
1636739074-ah1-home_-1-1790141207;2026-09-23T05:26:47.831157+00:00;2026-09-23T05:26:47.831157+00:00;Japan - Cup;Vissel Kobe vs Sagan Tosu;1636739074;spread;AH-1;home;-1.0;1.926;1.926;0.0;5.123;away;1.0;1.926;1.926;0.0;50.0;1;0;2.55;0.0;0.0;100.0;25.0
1636739074-ou25-1790141207;2026-09-23T05:26:47.831157+00:00;2026-09-23T05:26:47.831157+00:00;Japan - Cup;Vissel Kobe vs Sagan Tosu;1636739074;total;OU-2.5;under;2.5;1.806;1.806;6.667;6.667;under;2.5;1.806;1.806;100.0;53.04;1;0;2.55;55.56;0.0;100.0;62.02
1636738975-ah1-home_-1-1790142783;2026-09-23T05:53:03.789709+00:00;2026-09-23T05:53:03.789709+00:00;Cambodia - Cup;Preah Sihanouk Province vs Kep Province;1636738975;spread;AH-1;home;-1.0;1.763;1.763;6.472;0.0;away;1.0;1.962;1.962;100.0;52.67;1;0;2.6;53.93;0.0;100.0;61.59
1636739074-ah1-home_-1-1790143881;2026-09-23T06:11:21.656074+00:00;2026-09-23T06:11:21.656074+00:00;Japan - Cup;Vissel Kobe vs Sagan Tosu;1636739074;spread;AH-1;home;-1.0;1.98;1.98;0.0;2.908;away;1.0;1.87;1.87;0.0;48.57;1;0;1.8;0.0;0.0;94.96;24.07
1636739074-ah1-home_-1-1790144835;2026-09-23T06:27:15.320092+00:00;2026-09-23T06:27:15.320092+00:00;Japan - Cup;Vissel Kobe vs Sagan Tosu;1636739074;spread;AH-1;home;-1.0;1.943;1.943;1.869;0.0;away;1.0;1.909;1.909;100.0;49.56;1;0;1.54;15.57;0.0;88.52;51.83
1636738969-ah1-home_-1-1790144835;2026-09-23T06:27:15.320092+00:00;2026-09-23T06:27:15.320092+00:00;Japan - Cup;Gamba Osaka vs Tokushima Vortis;1636738969;spread;AH-1;home;-1.0;2.01;2.01;2.899;0.0;away;1.0;1.847;1.847;100.0;47.89;1;0;1.54;24.15;0.0;88.52;53.05
1636738969-ah1-home_-1-1790145790;2026-09-23T06:43:10.221836+00:00;2026-09-23T06:43:10.221836+00:00;Japan - Cup;Gamba Osaka vs Tokushima Vortis;1636738969;spread;AH-1;home;-1.0;1.855;1.855;7.711;0.0;away;1.0;2.0;2.0;100.0;51.88;1;0;1.28;64.26;0.0;81.89;61.61
1636734383-ou25-1790145790;2026-09-23T06:43:10.221836+00:00;2026-09-23T06:56:04.858708+00:00;Japan - Cup;Kyoto Sanga vs Fujieda MYFC;1636734383;total;OU-2.5;under;2.5;1.99;2.0;0.995;0.995;under;2.5;1.99;2.0;55.17;48.24;2;12.91;1.28;8.29;36.15;81.89;43.54
1636739074-ah1-home_-1-1790145790;2026-09-23T06:43:10.221836+00:00;2026-09-23T06:56:04.858708+00:00;Japan - Cup;Vissel Kobe vs Sagan Tosu;1636739074;spread;AH-1;home;-1.0;1.901;1.8;7.475;0.0;away;1.0;1.952;2.07;100.0;50.66;2;12.91;1.28;62.29;36.15;81.89;66.27
1636769026-ah1-away_-1-1790146177;2026-09-23T06:49:37.578651+00:00;2026-09-23T07:02:32.079230+00:00;Czech Republic - Cup;Kladno vs Banik Ostrava;1636769026;spread;AH-1;away;-1.0;1.833;1.971;0.38;7.951;home;1.0;1.962;1.806;4.57;51.7;2;12.91;7.16;3.17;36.15;100.0;32.71
1636739074-ah1-home_-1-1790147539;2026-09-23T07:12:19.291268+00:00;2026-09-23T07:12:19.291268+00:00;Japan - Cup;Vissel Kobe vs Sagan Tosu;1636739074;spread;AH-1;home;-1.0;1.847;1.847;0.0;2.899;away;1.0;2.01;2.01;0.0;52.11;1;0;0.78;0.0;0.0;69.51;22.58
1636734383-ou25-1790147539;2026-09-23T07:12:19.291268+00:00;2026-09-23T07:12:19.291268+00:00;Japan - Cup;Kyoto Sanga vs Fujieda MYFC;1636734383;total;OU-2.5;over;2.5;1.82;1.82;1.087;0.0;under;2.5;2.03;2.03;100.0;52.73;1;0;0.78;9.06;0.0;69.51;49.58
1636769026-ah1-away_-1-1790147932;2026-09-23T07:18:52.505715+00:00;2026-09-23T07:18:52.505715+00:00;Czech Republic - Cup;Kladno vs Banik Ostrava;1636769026;spread;AH-1;away;-1.0;1.935;1.935;1.826;0.0;home;1.0;1.833;1.833;100.0;48.65;1;0;6.67;15.22;0.0;100.0;52.64
1636734383-ah1-home_-1-1790148450;2026-09-23T07:27:30.662618+00:00;2026-09-23T07:27:30.662618+00:00;Japan - Cup;Kyoto Sanga vs Fujieda MYFC;1636734383;spread;AH-1;home;-1.0;2.08;2.08;0.0;1.048;away;1.0;1.794;1.794;0.0;46.31;1;0;0.53;0.0;0.0;63.21;20.21
1636739074-ah1-home_-1-1790148450;2026-09-23T07:27:30.662618+00:00;2026-09-23T07:40:44.130296+00:00;Japan - Cup;Vissel Kobe vs Sagan Tosu;1636739074;spread;AH-1;home;-1.0;1.926;1.952;0.0;5.477;away;1.0;1.926;1.901;0.0;50.0;2;13.22;0.53;0.0;36.46;63.21;26.79
1636734383-ou25-1790148450;2026-09-23T07:27:30.662618+00:00;2026-09-23T07:40:44.130296+00:00;Japan - Cup;Kyoto Sanga vs Fujieda MYFC;1636734383;total;OU-2.5;under;2.5;2.0;1.943;4.328;4.328;under;2.5;2.0;1.943;100.0;47.92;2;13.22;0.53;36.07;36.46;63.21;58.38
1636738969-ah1-home_-1-1790149244;2026-09-23T07:40:44.130296+00:00;2026-09-23T07:40:44.130296+00:00;Japan - Cup;Gamba Osaka vs Tokushima Vortis;1636738969;spread;AH-1;home;-1.0;1.806;1.806;2.642;0.0;away;1.0;2.06;2.06;100.0;53.29;1;0;0.31;22.01;0.0;57.69;51.16
1636739074-ah1-home_-1-1790150245;2026-09-23T07:57:25.470960+00:00;2026-09-23T07:57:25.470960+00:00;Japan - Cup;Vissel Kobe vs Sagan Tosu;1636739074;spread;AH-1;home;-1.0;1.99;1.99;0.0;2.052;away;1.0;1.862;1.862;0.0;48.34;1;0;0.03;0.0;0.0;50.7;19.57
1636734383-ou25-1790150245;2026-09-23T07:57:25.470960+00:00;2026-09-23T07:57:25.470960+00:00;Japan - Cup;Kyoto Sanga vs Fujieda MYFC;1636734383;total;OU-2.5;over;2.5;1.855;1.855;2.007;0.0;under;2.5;1.99;1.99;100.0;51.76;1;0;0.03;16.73;0.0;50.7;48.94
1636768855-ou25-1790151647;2026-09-23T08:20:47.117806+00:00;2026-09-23T08:20:47.117806+00:00;Israel - Liga Alef;Beitar Nahariya vs Maccabi Neve Shaanan;1636768855;total;OU-2.5;under;2.5;1.833;1.833;1.186;1.186;under;2.5;1.833;1.833;100.0;50.59;1;0;8.65;9.88;0.0;91.84;51.34
1636836388-ou25-1790151647;2026-09-23T08:20:47.117806+00:00;2026-09-23T08:20:47.117806+00:00;North Macedonia - 1st League;Bregalnica Stip vs FK Skopje;1636836388;total;OU-2.5;under;2.5;1.813;1.813;1.841;1.841;under;2.5;1.813;1.813;100.0;51.18;1;0;7.64;15.34;0.0;100.0;53.42
1637146481-ah1-home_-1-1790152441;2026-09-23T08:34:01.098059+00:00;2026-09-23T08:34:01.098059+00:00;Nigeria - NPFL;Barau vs Abia Warriors;1637146481;spread;AH-1;home;-1.0;1.877;1.877;0.0;3.577;away;1.0;1.833;1.833;0.0;49.41;1;0;6.42;0.0;0.0;100.0;24.82
1636836388-ou25-1790153430;2026-09-23T08:50:30.230150+00:00;2026-09-23T08:50:30.230150+00:00;North Macedonia - 1st League;Bregalnica Stip vs FK Skopje;1636836388;total;OU-2.5;over;2.5;1.877;1.877;1.262;0.0;under;2.5;1.833;1.833;100.0;49.41;1;0;7.14;10.52;0.0;100.0;51.93
