timestamp;league;match;market;side;points;old_odd;new_odd;movement_pct;hours_until_match;matchup_id
2026-09-15T11:55:06.686994+00:00;England - EFL Cup;Peterborough United vs Barnsley;spread;away;-0.0;2.15;1.935;10.00;6.61;1635458188
2026-09-15T11:55:08.045778+00:00;Iceland - Premier League;Fram Reykjavik vs Breidablik;spread;home;-0.5;1.962;1.787;8.92;7.36;1636090483
2026-09-15T11:55:13.115313+00:00;Northern Ireland - Premiership;Ballymena United vs Carrick Rangers;spread;away;-0.0;2.0;1.806;9.70;6.86;1635334194
2026-09-15T11:55:18.729478+00:00;Germany - 3. Liga;Sonnenhof Grossaspach vs SC Verl;spread;away;-0.0;2.11;1.781;15.59;5.11;1635334145
2026-09-15T11:55:54.026355+00:00;England - National League;Boston United vs Woking;spread;away;-0.0;2.17;1.901;12.40;6.86;1635334578
2026-09-15T11:55:55.674043+00:00;England - National League;Carlisle United vs Forest Green Rovers;spread;home;-0.5;1.98;1.806;8.79;6.86;1635334576
2026-09-15T11:56:30.328817+00:00;USA - USL Championship;Indy Eleven vs Brooklyn FC;spread;home;-0.5;2.07;1.826;11.79;11.10;1636119657
2026-09-15T11:57:23.501594+00:00;Spain - La Liga;Elche vs Real Madrid;spread;away;-1.0;2.02;1.741;13.81;7.59;1635334118
2026-09-15T12:01:47.826985+00:00;Germany - 3. Liga;Sonnenhof Grossaspach vs SC Verl;spread;home;0.0;1.935;1.746;9.77;5.00;1635334145
2026-09-15T12:26:51.750740+00:00;England - EFL Cup;Peterborough United vs Barnsley;spread;away;-0.0;2.15;1.935;10.00;6.08;1635458188
2026-09-15T12:27:39.486656+00:00;USA - USL Championship;Indy Eleven vs Brooklyn FC;spread;home;-0.5;2.07;1.826;11.79;10.58;1636119657
2026-09-15T12:27:46.135960+00:00;Iceland - Premier League;Fram Reykjavik vs Breidablik;spread;home;-0.5;1.962;1.787;8.92;6.82;1636090483
2026-09-15T12:28:06.763565+00:00;Spain - La Liga;Elche vs Real Madrid;spread;away;-1.0;2.03;1.741;14.24;7.07;1635334118
2026-09-15T12:28:23.793999+00:00;Northern Ireland - Premiership;Ballymena United vs Carrick Rangers;spread;away;-0.0;2.0;1.806;9.70;6.31;1635334194
2026-09-15T12:28:37.233821+00:00;Germany - 3. Liga;Sonnenhof Grossaspach vs SC Verl;spread;away;-0.0;2.1;1.781;15.19;4.56;1635334145
2026-09-15T12:28:39.526235+00:00;England - National League;Boston United vs Woking;spread;away;-0.0;2.17;1.901;12.40;6.31;1635334578
2026-09-15T12:28:40.209329+00:00;England - National League;Carlisle United vs Forest Green Rovers;spread;home;-0.5;1.98;1.806;8.79;6.31;1635334576
2026-09-15T12:34:27.010478+00:00;Spain - La Liga;Elche vs Real Madrid;spread;away;-1.0;2.01;1.73;13.93;6.96;1635334118
2026-09-15T12:35:01.850966+00:00;Germany - 3. Liga;Sonnenhof Grossaspach vs SC Verl;spread;home;0.0;1.935;1.752;9.46;4.46;1635334145
2026-09-15T12:39:45.233445+00:00;England - EFL Cup;West Ham United vs Fulham;spread;home;0.0;2.11;1.935;8.29;6.12;1635455600
2026-09-15T12:53:30.435454+00:00;Germany - 3. Liga;Meppen vs Viktoria Koln;spread;home;0.0;2.12;1.943;8.35;4.15;1635334547
2026-09-15T12:53:42.801710+00:00;Brazil - Copa Santa Catarina;Barra vs Blumenau;spread;away;-0.5;1.935;1.763;8.89;9.14;1636267528
2026-09-15T12:54:04.332800+00:00;Iceland - Premier League;Fram Reykjavik vs Breidablik;spread;home;-0.5;1.952;1.787;8.45;6.38;1636090483
2026-09-15T12:54:41.239579+00:00;Spain - La Liga;Alaves vs Valencia;spread;home;0.0;2.06;1.893;8.11;5.13;1635334080
2026-09-15T12:54:42.050368+00:00;Spain - La Liga;Elche vs Real Madrid;spread;away;-1.0;2.0;1.73;13.50;6.63;1635334118
2026-09-15T13:01:12.694589+00:00;England - Northern League Division 1;Nuneaton Town vs Wellingborough Town;spread;home;0.0;2.03;1.847;9.01;5.77;1636341467
2026-09-15T13:06:56.368165+00:00;Iceland - Premier League;Fram Reykjavik vs Breidablik;spread;home;-0.5;1.962;1.787;8.92;6.18;1636090483
2026-09-15T13:07:11.277880+00:00;Poland - Ekstraklasa;Korona Kielce vs Gornik Zabrze;spread;away;-0.0;1.909;1.709;10.48;5.42;1636120194
2026-09-15T13:07:22.210849+00:00;England - Southern League Division 1;Sporting Club Inkberrow vs Bishops Cleeve;spread;home;0.0;1.87;1.699;9.14;5.67;1636332995
2026-09-15T13:07:23.014133+00:00;England - Southern League Division 1;Weymouth vs Shaftesbury;spread;away;0.5;1.87;1.709;8.61;5.67;1636346473
2026-09-15T13:19:30.477590+00:00;Spain - La Liga;Elche vs Real Madrid;spread;away;-1.0;1.99;1.73;13.07;6.22;1635334118
2026-09-15T13:25:12.677795+00:00;Iceland - Premier League;Fram Reykjavik vs Breidablik;spread;home;-0.5;1.99;1.787;10.20;5.87;1636090483
2026-09-15T13:25:44.354857+00:00;Slovakia - Cup;Druzstevnik Velke Ludince vs DAC 1904;total;under;4.5;1.893;1.794;5.23;0.11;1636518715
2026-09-15T13:38:18.708475+00:00;Poland - Ekstraklasa;Korona Kielce vs Gornik Zabrze;spread;away;-0.0;1.926;1.709;11.27;4.89;1636120194
2026-09-15T13:40:03.827478+00:00;Spain - La Liga;Elche vs Real Madrid;total;under;1.5;2.04;1.84;9.80;5.87;1635334118
2026-09-15T13:40:03.828154+00:00;Spain - La Liga;Elche vs Real Madrid;spread;away;-1.0;2.04;1.73;15.20;5.87;1635334118
2026-09-15T13:52:14.425585+00:00;Spain - La Liga;Elche vs Real Madrid;total;under;1.5;1.84;1.758;4.46;5.67;1635334118
2026-09-15T13:52:56.815418+00:00;Poland - Ekstraklasa;Korona Kielce vs Gornik Zabrze;spread;away;-0.0;1.917;1.709;10.85;4.66;1636120194
2026-09-15T13:58:47.660390+00:00;England - EFL Trophy;Leyton Orient vs Arsenal U21;total;over;1.5;2.07;1.98;4.35;4.06;1636442667
2026-09-15T14:19:21.438841+00:00;Spain - La Liga;Elche vs Real Madrid;total;over;1.5;1.917;1.833;4.38;5.22;1635334118
2026-09-15T14:24:06.826872+00:00;Iceland - Premier League;Fram Reykjavik vs Breidablik;spread;home;-0.5;2.02;1.787;11.53;4.88;1636090483
2026-09-15T14:25:08.222083+00:00;Northern Ireland - Premiership;Glentoran vs Coleraine;spread;home;0.0;2.14;1.935;9.58;4.37;1635334193
2026-09-15T14:25:29.166095+00:00;Scotland - Challenge Cup;East Fife vs Motherwell B;spread;home;-2.0;1.952;1.763;9.68;4.37;1636119586
2026-09-15T14:25:29.166987+00:00;Scotland - Challenge Cup;East Fife vs Motherwell B;total;over;3.5;1.935;1.847;4.55;4.37;1636119586
2026-09-15T14:37:59.657400+00:00;Northern Ireland - Premiership;Glentoran vs Coleraine;spread;home;0.0;2.17;1.935;10.83;4.15;1635334193
2026-09-15T14:43:30.697502+00:00;Germany - 3. Liga;Sonnenhof Grossaspach vs SC Verl;spread;home;0.0;1.935;1.714;11.42;2.31;1635334145
2026-09-15T14:43:30.698423+00:00;Germany - 3. Liga;Sonnenhof Grossaspach vs SC Verl;spread;away;-0.0;2.15;1.781;17.16;2.31;1635334145
2026-09-15T14:44:34.798328+00:00;Wales - Premier League;Trefelin BGC vs Cambrian United;spread;away;-0.5;2.01;1.781;11.39;4.05;1636115654
2026-09-15T15:09:08.701863+00:00;England - Isthmian Division 1 North;Hashtag United vs Takeley;spread;away;0.5;1.952;1.787;8.45;3.63;1636346474
2026-09-15T15:09:16.514581+00:00;Poland - Ekstraklasa;Rakow Czestochowa vs Zaglebie Lubin;spread;home;-0.5;2.07;1.901;8.16;0.88;1636090422
2026-09-15T15:10:39.037517+00:00;Germany - 3. Liga;Sonnenhof Grossaspach vs SC Verl;spread;away;-0.0;2.15;1.787;16.88;1.86;1635334145
2026-09-15T15:11:05.526238+00:00;Spain - La Liga;Elche vs Real Madrid;spread;away;-2.0;1.952;1.787;8.45;4.35;1635334118
2026-09-15T15:11:07.705393+00:00;England - EFL Cup;Peterborough United vs Barnsley;spread;away;-0.0;2.14;1.935;9.58;3.35;1635458188
2026-09-15T15:16:53.348622+00:00;Germany - 3. Liga;Sonnenhof Grossaspach vs SC Verl;spread;home;0.0;1.943;1.714;11.79;1.75;1635334145
2026-09-15T15:22:52.739495+00:00;Iceland - Premier League;Fram Reykjavik vs Breidablik;spread;home;-0.5;2.01;1.787;11.09;3.91;1636090483
2026-09-15T15:23:19.369350+00:00;Germany - 3. Liga;Meppen vs Viktoria Koln;spread;home;0.0;2.14;1.952;8.79;1.65;1635334547
2026-09-15T15:23:42.595134+00:00;Spain - La Liga;Elche vs Real Madrid;spread;away;-2.0;1.943;1.781;8.34;4.14;1635334118
2026-09-15T15:23:46.323372+00:00;England - EFL Cup;Peterborough United vs Barnsley;spread;away;-0.0;2.13;1.935;9.15;3.14;1635458188
2026-09-15T15:28:14.085092+00:00;Poland - Ekstraklasa;Korona Kielce vs Gornik Zabrze;spread;away;-0.0;1.926;1.709;11.27;3.06;1636120194
2026-09-15T15:36:14.390362+00:00;Spain - La Liga;Elche vs Real Madrid;spread;away;-2.0;1.962;1.781;9.23;3.93;1635334118
2026-09-15T15:42:21.820501+00:00;Wales - Premier League;Trefelin BGC vs Cambrian United;spread;away;-0.5;1.98;1.781;10.05;3.08;1636115654
2026-09-15T15:53:12.099303+00:00;England - EFL Cup;West Ham United vs Fulham;spread;away;-0.0;2.02;1.806;10.59;2.90;1635455600
2026-09-15T15:53:13.769019+00:00;England - EFL Cup;Peterborough United vs Barnsley;spread;away;-0.0;2.12;1.935;8.73;2.65;1635458188
2026-09-15T15:53:53.756670+00:00;England - National League;Boston United vs Woking;spread;away;-0.0;2.16;1.901;11.99;2.89;1635334578
2026-09-15T15:54:19.278463+00:00;Germany - 3. Liga;Meppen vs Viktoria Koln;spread;home;0.0;2.12;1.943;8.35;1.13;1635334547
2026-09-15T15:54:24.820738+00:00;Italy - Cup;Genoa vs Sudtirol;total;under;2.5;1.952;1.862;4.61;0.13;1636090524
2026-09-15T15:54:49.824685+00:00;Iceland - Premier League;Fram Reykjavik vs Breidablik;spread;away;0.5;1.926;1.763;8.46;3.37;1636090483
2026-09-15T15:54:49.825422+00:00;Iceland - Premier League;Fram Reykjavik vs Breidablik;spread;home;-0.5;2.08;1.787;14.09;3.37;1636090483
2026-09-15T16:07:29.589212+00:00;Spain - La Liga;Rayo Vallecano vs Espanyol;total;under;2.5;2.02;1.935;4.21;0.91;1635334563
2026-09-15T16:07:30.829111+00:00;Spain - La Liga;Elche vs Real Madrid;total;over;1.5;1.877;1.8;4.10;3.41;1635334118
2026-09-15T16:07:30.829806+00:00;Spain - La Liga;Elche vs Real Madrid;spread;away;-2.0;1.952;1.781;8.76;3.41;1635334118
2026-09-15T16:12:31.497786+00:00;Northern Ireland - Premiership;Glentoran vs Coleraine;spread;home;0.0;2.19;1.935;11.64;2.58;1635334193
2026-09-15T16:12:53.970430+00:00;Wales - Premier League;Trefelin BGC vs Cambrian United;spread;away;-0.5;1.971;1.781;9.64;2.58;1636115654
2026-09-15T16:13:14.372578+00:00;USA - USL Championship;Indy Eleven vs Brooklyn FC;spread;home;-0.5;2.1;1.826;13.05;6.82;1636119657
2026-09-15T16:19:54.307629+00:00;Spain - La Liga;Elche vs Real Madrid;spread;away;-2.0;1.962;1.781;9.23;3.20;1635334118
2026-09-15T16:25:34.025178+00:00;USA - USL Championship;Indy Eleven vs Brooklyn FC;spread;home;-0.5;2.07;1.826;11.79;6.61;1636119657
2026-09-15T16:25:43.679448+00:00;Germany - 3. Liga;Sonnenhof Grossaspach vs SC Verl;spread;home;0.0;1.943;1.719;11.53;0.60;1635334145
2026-09-15T16:26:03.503194+00:00;Italy - Serie C Group C;Casertana vs Team Altamura;total;over;2.5;2.03;1.943;4.29;0.10;1636090434
2026-09-15T16:26:13.459528+00:00;England - EFL Cup;West Ham United vs Fulham;spread;away;-0.0;2.05;1.806;11.90;2.35;1635455600
2026-09-15T17:56:31.597561+00:00;England - National League;Boston United vs Woking;spread;away;-0.0;2.13;1.909;10.38;0.84;1635334578
2026-09-15T17:56:38.608528+00:00;Poland - Ekstraklasa;Korona Kielce vs Gornik Zabrze;spread;away;-0.0;1.917;1.725;10.02;0.59;1636120194
2026-09-15T17:57:19.148549+00:00;Northern Ireland - Premiership;Glentoran vs Coleraine;spread;home;0.0;2.21;1.893;14.34;0.83;1635334193
2026-09-15T17:57:21.072129+00:00;Northern Ireland - Premiership;Ballymena United vs Carrick Rangers;spread;away;-0.0;1.99;1.813;8.89;0.83;1635334194
2026-09-15T18:02:11.556435+00:00;Northern Ireland - Premiership;Glentoran vs Coleraine;spread;away;-0.0;1.847;1.676;9.26;0.75;1635334193
2026-09-15T18:07:55.733364+00:00;Paraguay - Division Intermedia;Club Tacuary vs 12 de Junio de Villa Hayes;spread;home;0.0;2.05;1.84;10.24;3.90;1636120241
2026-09-15T18:13:06.773510+00:00;Poland - Ekstraklasa;Korona Kielce vs Gornik Zabrze;spread;away;-0.0;1.901;1.725;9.26;0.32;1636120194
2026-09-15T18:13:55.145642+00:00;Iceland - Premier League;Fram Reykjavik vs Breidablik;spread;home;-0.5;2.06;1.794;12.91;1.05;1636090483
2026-09-15T18:24:26.686241+00:00;England - National League;Boston United vs Woking;spread;away;-0.0;2.13;1.917;10.00;0.38;1635334578
2026-09-15T18:24:49.616977+00:00;Poland - Ekstraklasa;Korona Kielce vs Gornik Zabrze;spread;away;-0.0;1.893;1.725;8.87;0.12;1636120194
2026-09-15T18:25:45.574373+00:00;Scotland - Lowland League;Civil Service Strollers vs Berwick Rangers;spread;home;0.0;1.926;1.699;11.79;0.36;1636636637
2026-09-15T18:25:56.329695+00:00;Northern Ireland - Premiership;Ballymena United vs Carrick Rangers;spread;home;0.0;1.917;1.709;10.85;0.35;1635334194
2026-09-15T18:25:56.330408+00:00;Northern Ireland - Premiership;Ballymena United vs Carrick Rangers;spread;away;-0.0;2.16;1.813;16.06;0.35;1635334194
2026-09-15T18:26:05.956667+00:00;Spain - La Liga;Elche vs Real Madrid;spread;away;-2.0;2.0;1.787;10.65;1.10;1635334118
2026-09-15T18:26:09.728773+00:00;England - EFL Cup;Liverpool vs Tottenham Hotspur;total;under;3.5;1.855;1.709;7.87;0.60;1635458185
2026-09-15T18:26:15.285468+00:00;England - Championship;Middlesbrough vs Millwall;total;under;3.5;1.84;1.735;5.71;0.35;1635995449
2026-09-15T18:26:16.277022+00:00;England - Championship;Bristol City vs Lincoln City;total;under;3.5;1.935;1.775;8.27;0.35;1635228945
2026-09-15T18:30:14.676658+00:00;England - National League;Solihull Moors vs Barrow;spread;away;-0.0;1.901;1.725;9.26;0.28;1635334577
2026-09-15T18:31:20.513337+00:00;Wales - Premier League;Barry Town United vs Ammanford;total;over;1.5;2.0;1.909;4.55;0.26;1636120201
2026-09-15T18:36:35.267275+00:00;Scotland - Challenge Cup;East Fife vs Motherwell B;spread;home;-1.0;2.04;1.725;15.44;0.17;1636119586
2026-09-15T18:36:35.268028+00:00;Scotland - Challenge Cup;East Fife vs Motherwell B;total;over;1.5;1.952;1.806;7.48;0.17;1636119586
2026-09-15T22:33:34.892586+00:00;Mexico - Liga de Expansión MX;Dorados vs Cancun;spread;home;0.0;1.98;1.775;10.35;2.45;1636131238
2026-09-15T22:41:32.276076+00:00;USA - USL Championship;Indy Eleven vs Brooklyn FC;spread;home;-0.5;2.06;1.84;10.68;0.32;1636119657
2026-09-15T22:45:37.664293+00:00;Mexico - Liga de Expansión MX;Dorados vs Cancun;spread;home;0.0;1.99;1.775;10.80;2.25;1636131238
2026-09-15T22:57:21.340603+00:00;USA - USL Championship;Indy Eleven vs Brooklyn FC;spread;home;-0.5;2.06;1.833;11.02;0.06;1636119657
2026-09-15T23:01:22.854909+00:00;Mexico - Liga de Expansión MX;Dorados vs Cancun;spread;home;0.0;2.0;1.82;9.00;2.00;1636131238
2026-09-15T23:17:17.369617+00:00;Mexico - Liga de Expansión MX;Dorados vs Cancun;spread;home;0.0;2.0;1.826;8.70;1.72;1636131238
2026-09-16T00:20:34.983696+00:00;Ukraine - Cup;FK Kulykiv-Bilka vs Veres Rivne;total;over;2.5;1.901;1.787;6.00;11.68;1636660517
2026-09-16T01:25:56.126288+00:00;AFC - Champions League Elite;Port FC vs Vissel Kobe;spread;home;0.5;2.01;1.73;13.93;10.84;1635713050
2026-09-16T01:25:56.127175+00:00;AFC - Champions League Elite;Port FC vs Vissel Kobe;spread;away;-0.5;2.13;1.709;19.77;10.84;1635713050
2026-09-16T01:25:56.127621+00:00;AFC - Champions League Elite;Port FC vs Vissel Kobe;spread;away;-1.0;2.03;1.752;13.69;10.84;1635713050
2026-09-16T01:30:42.398844+00:00;Italy - Serie D;Pro Patria vs Crema 1908;total;over;2.5;1.885;1.758;6.74;11.51;1636341481
2026-09-16T01:48:39.465335+00:00;Turkey - Cup;Karaman vs Kepezspor;spread;home;0.0;1.862;1.649;11.44;9.20;1636572936
2026-09-16T02:02:21.404794+00:00;Egypt - Premier League;El Gounah vs Petrojet;spread;home;0.0;2.11;1.82;13.74;11.98;1636213280
2026-09-16T02:02:21.405533+00:00;Egypt - Premier League;El Gounah vs Petrojet;spread;home;0.0;2.05;1.794;12.49;11.98;1636213280
2026-09-16T02:06:31.245933+00:00;Egypt - Premier League;El Gounah vs Petrojet;spread;away;-0.0;1.926;1.769;8.15;11.91;1636213280
2026-09-16T02:20:17.542282+00:00;Egypt - Premier League;El Gounah vs Petrojet;spread;home;0.0;2.12;1.82;14.15;11.69;1636213280
2026-09-16T02:20:17.543011+00:00;Egypt - Premier League;El Gounah vs Petrojet;spread;home;0.0;2.06;1.794;12.91;11.69;1636213280
2026-09-16T02:34:28.214356+00:00;Turkey - Cup;Galata vs Yesil Yalova;spread;home;0.0;1.806;1.645;8.91;9.45;1636572938
2026-09-16T02:48:47.902557+00:00;Cambodia - Cup;Phnom Penh Galaxy vs Kampong Speu Province;total;over;1.5;1.901;1.794;5.63;5.71;1636137191
2026-09-16T03:33:02.302457+00:00;Cambodia - Cup;Phnom Penh Galaxy vs Kampong Speu Province;total;over;4.5;1.917;1.8;6.10;4.98;1636137191
2026-09-16T03:33:19.623636+00:00;Russia - Premier League;Rodina Moscow vs Rubin Kazan;spread;home;0.0;2.16;1.862;13.80;11.97;1636004919
2026-09-16T03:37:45.830225+00:00;Russia - Premier League;Rodina Moscow vs Rubin Kazan;spread;away;-0.0;1.909;1.735;9.11;11.90;1636004919
2026-09-16T03:47:54.258047+00:00;Russia - Premier League;Rodina Moscow vs Rubin Kazan;spread;away;-0.0;1.909;1.746;8.54;11.73;1636004919
2026-09-16T03:47:54.258636+00:00;Russia - Premier League;Rodina Moscow vs Rubin Kazan;spread;home;0.0;2.17;1.826;15.85;11.73;1636004919
2026-09-16T03:48:18.102641+00:00;Cambodia - Cup;Phnom Penh Galaxy vs Kampong Speu Province;total;under;4.5;1.855;1.769;4.64;4.72;1636137191
2026-09-16T03:53:32.264512+00:00;Russia - Premier League;Rodina Moscow vs Rubin Kazan;spread;away;-0.0;1.943;1.746;10.14;11.63;1636004919
2026-09-16T04:03:52.724531+00:00;Russia - Premier League;Rodina Moscow vs Rubin Kazan;spread;home;0.0;2.17;1.787;17.65;11.47;1636004919
2026-09-16T04:08:42.411064+00:00;Russia - Premier League;Rodina Moscow vs Rubin Kazan;spread;away;-0.0;1.971;1.746;11.42;11.39;1636004919
2026-09-16T04:19:30.427843+00:00;Russia - Premier League;Rodina Moscow vs Rubin Kazan;spread;home;0.0;2.17;1.746;19.54;11.21;1636004919
2026-09-16T04:24:56.267908+00:00;Russia - Premier League;Rodina Moscow vs Rubin Kazan;spread;away;-0.0;2.02;1.746;13.56;11.12;1636004919
2026-09-16T04:30:27.040636+00:00;AFC - Champions League Elite;Port FC vs Vissel Kobe;spread;home;1.0;1.962;1.794;8.56;7.77;1635713050
2026-09-16T04:30:27.041363+00:00;AFC - Champions League Elite;Port FC vs Vissel Kobe;spread;away;-1.0;2.08;1.758;15.48;7.77;1635713050
2026-09-16T04:46:40.723533+00:00;Italy - Serie D;AC Milan II vs Brusaporto;total;over;2.5;1.952;1.855;4.97;11.26;1636333056
2026-09-16T04:47:47.082368+00:00;India - Mizoram Premier League;Aizawl vs Mizoram Police;total;under;3.5;1.926;1.813;5.87;4.73;1636215264
2026-09-16T04:52:00.495665+00:00;Slovakia - Cup;Nitra vs Slovan Bratislava;total;over;3.5;1.926;1.763;8.46;11.66;1636341479
2026-09-16T04:52:00.496467+00:00;Slovakia - Cup;Nitra vs Slovan Bratislava;spread;away;-1.0;1.952;1.714;12.19;11.66;1636341479
2026-09-16T04:52:00.496955+00:00;Slovakia - Cup;Nitra vs Slovan Bratislava;total;over;1.5;2.0;1.847;7.65;11.66;1636341479
2026-09-16T05:03:57.065628+00:00;India - Mizoram Premier League;Aizawl vs Mizoram Police;total;over;1.5;1.935;1.769;8.58;4.47;1636215264
2026-09-16T05:04:14.907149+00:00;Switzerland - Super League;Thun vs Servette;spread;away;-0.0;2.05;1.855;9.51;11.96;1636213230
2026-09-16T05:04:14.907742+00:00;Switzerland - Super League;Thun vs Servette;spread;away;-0.0;2.01;1.847;8.11;11.96;1636213230
2026-09-16T05:04:38.684572+00:00;Spain - La Liga;Deportivo La Coruna vs Sevilla;spread;away;-0.0;2.12;1.735;18.16;11.96;1635414329
2026-09-16T05:10:25.995739+00:00;Spain - La Liga;Deportivo La Coruna vs Sevilla;spread;home;0.0;2.03;1.813;10.69;11.86;1635414329
2026-09-16T05:14:30.078530+00:00;AFC - Champions League Elite;Port FC vs Vissel Kobe;spread;home;0.5;2.01;1.735;13.68;7.04;1635713050
2026-09-16T05:14:30.079172+00:00;AFC - Champions League Elite;Port FC vs Vissel Kobe;spread;away;-1.0;1.99;1.758;11.66;7.04;1635713050
2026-09-16T05:14:30.079663+00:00;AFC - Champions League Elite;Port FC vs Vissel Kobe;spread;away;-0.5;2.12;1.714;19.15;7.04;1635713050
2026-09-16T05:16:20.312161+00:00;Switzerland - Super League;Thun vs Servette;spread;away;-0.0;2.07;1.847;10.77;11.76;1636213230
2026-09-16T05:21:02.337647+00:00;Italy - Serie D;Atletico Lodigiani vs Sassari Latte Dolce;total;over;2.5;1.943;1.862;4.17;8.68;1636333019
2026-09-16T05:21:17.648798+00:00;Czech Republic - Cup;Vitkovice vs Artis Brno;total;over;3.5;1.909;1.806;5.40;8.68;1636213278
2026-09-16T05:21:44.683145+00:00;Russia - Premier League;Rodina Moscow vs Rubin Kazan;spread;away;-0.0;2.02;1.73;14.36;10.17;1636004919
2026-09-16T05:21:44.683850+00:00;Russia - Premier League;Rodina Moscow vs Rubin Kazan;spread;home;0.0;2.19;1.746;20.27;10.17;1636004919
2026-09-16T05:21:48.297190+00:00;Norway - Cup;Kjelsas vs Ham-Kam;total;over;3.5;1.926;1.847;4.10;10.67;1636518771
2026-09-16T05:21:53.362353+00:00;Norway - Cup;Eidsvold vs Kongsvinger;total;over;3.5;1.935;1.775;8.27;11.67;1636531182
2026-09-16T05:21:53.363212+00:00;Norway - Cup;Eidsvold vs Kongsvinger;total;over;1.5;1.962;1.855;5.45;11.67;1636531182
2026-09-16T05:26:21.984722+00:00;Spain - La Liga;Deportivo La Coruna vs Sevilla;spread;away;-0.0;2.12;1.69;20.28;11.59;1635414329
2026-09-16T05:32:20.623027+00:00;Spain - La Liga;Deportivo La Coruna vs Sevilla;spread;home;0.0;2.09;1.813;13.25;11.49;1635414329
2026-09-16T05:32:44.650909+00:00;Switzerland - Super League;Thun vs Servette;spread;away;-0.0;2.06;1.847;10.34;11.48;1636213230
2026-09-16T05:44:02.300280+00:00;AFC - Champions League Elite;Port FC vs Vissel Kobe;spread;home;0.5;2.01;1.769;11.99;6.55;1635713050
2026-09-16T05:44:02.300883+00:00;AFC - Champions League Elite;Port FC vs Vissel Kobe;spread;away;-1.0;1.926;1.758;8.72;6.55;1635713050
2026-09-16T05:44:02.301277+00:00;AFC - Champions League Elite;Port FC vs Vissel Kobe;spread;away;-0.5;2.07;1.714;17.20;6.55;1635713050
2026-09-16T05:45:51.576042+00:00;Switzerland - Super League;Thun vs Servette;spread;away;-0.0;2.1;1.855;11.67;11.27;1636213230
2026-09-16T05:45:51.576599+00:00;Switzerland - Super League;Thun vs Servette;spread;away;-0.0;2.04;1.847;9.46;11.27;1636213230
2026-09-16T05:57:33.956150+00:00;Spain - La Liga;Deportivo La Coruna vs Sevilla;spread;away;-0.0;2.11;1.69;19.91;11.07;1635414329
2026-09-16T06:01:46.609852+00:00;AFC - Champions League Elite;Port FC vs Vissel Kobe;spread;home;0.5;2.01;1.775;11.69;6.25;1635713050
2026-09-16T06:01:46.610580+00:00;AFC - Champions League Elite;Port FC vs Vissel Kobe;spread;away;-0.5;2.06;1.714;16.80;6.25;1635713050
2026-09-16T06:03:58.894407+00:00;Switzerland - Super League;Thun vs Servette;spread;away;-0.0;2.03;1.847;9.01;10.97;1636213230
2026-09-16T06:14:40.181449+00:00;Spain - La Liga;Deportivo La Coruna vs Sevilla;spread;home;0.0;2.09;1.8;13.88;10.79;1635414329
2026-09-16T06:14:40.182172+00:00;Spain - La Liga;Deportivo La Coruna vs Sevilla;spread;away;-0.0;2.13;1.69;20.66;10.79;1635414329
2026-09-16T06:22:05.344613+00:00;Slovakia - Cup;Nitra vs Slovan Bratislava;total;over;1.5;1.82;1.73;4.95;10.17;1636341479
2026-09-16T06:33:07.196056+00:00;AFC - Champions League Elite;Port FC vs Vissel Kobe;spread;home;0.5;2.01;1.794;10.75;5.73;1635713050
2026-09-16T06:33:07.196859+00:00;AFC - Champions League Elite;Port FC vs Vissel Kobe;spread;away;-0.5;2.04;1.714;15.98;5.73;1635713050
2026-09-16T06:33:35.494952+00:00;Switzerland - Super League;Thun vs Servette;spread;away;-0.0;2.1;1.862;11.33;10.47;1636213230
2026-09-16T06:34:23.104898+00:00;Egypt - Premier League;El Gounah vs Petrojet;spread;home;0.0;2.04;1.82;10.78;7.46;1636213280
2026-09-16T06:34:23.105484+00:00;Egypt - Premier League;El Gounah vs Petrojet;spread;home;0.0;2.0;1.794;10.30;7.46;1636213280
2026-09-16T06:34:31.674793+00:00;Russia - Premier League;Rodina Moscow vs Rubin Kazan;spread;away;-0.0;2.02;1.746;13.56;8.96;1636004919
2026-09-16T06:34:31.675511+00:00;Russia - Premier League;Rodina Moscow vs Rubin Kazan;spread;home;0.0;2.17;1.746;19.54;8.96;1636004919
2026-09-16T06:46:37.335025+00:00;Switzerland - Super League;Thun vs Servette;spread;away;-0.0;2.1;1.877;10.62;10.26;1636213230
2026-09-16T06:53:11.972804+00:00;Russia - Premier League;Rodina Moscow vs Rubin Kazan;spread;away;-0.0;2.02;1.73;14.36;8.65;1636004919
2026-09-16T06:53:11.973499+00:00;Russia - Premier League;Rodina Moscow vs Rubin Kazan;spread;home;0.0;2.19;1.758;19.73;8.65;1636004919
2026-09-16T07:01:10.530342+00:00;Russia - Premier League;Rodina Moscow vs Rubin Kazan;spread;away;-0.0;2.01;1.73;13.93;8.53;1636004919
2026-09-16T07:01:28.434977+00:00;Georgia - Erovnuli Liga 2;Kolkheti 1913 Poti vs Samtredia;spread;home;0.0;1.935;1.746;9.77;6.02;1636322300
2026-09-16T07:06:14.342697+00:00;Italy - Serie D;AC Bra vs Biellese;total;over;2.5;1.952;1.833;6.10;5.93;1636333006
2026-09-16T07:07:52.111093+00:00;Russia - Premier League;Rodina Moscow vs Rubin Kazan;spread;away;-0.0;2.01;1.685;16.17;8.41;1636004919
2026-09-16T07:07:52.111776+00:00;Russia - Premier League;Rodina Moscow vs Rubin Kazan;spread;home;0.0;2.27;1.758;22.56;8.41;1636004919
2026-09-16T07:07:54.865039+00:00;Egypt - Premier League;El Gounah vs Petrojet;spread;home;0.0;2.12;1.82;14.15;6.91;1636213280
2026-09-16T07:07:54.865593+00:00;Egypt - Premier League;El Gounah vs Petrojet;spread;home;0.0;2.06;1.794;12.91;6.91;1636213280
2026-09-16T07:08:11.568020+00:00;UEFA - Europa League;Hapoel Beer Sheva vs Dinamo Zagreb;spread;home;0.5;2.03;1.862;8.28;11.91;1635180776
2026-09-16T07:08:14.460038+00:00;UEFA - Europa League;Sunderland vs AZ Alkmaar;spread;home;-0.5;2.08;1.794;13.75;11.91;1635220594
2026-09-16T07:08:15.045125+00:00;UEFA - Europa League;Anderlecht vs Lyon;spread;home;0.0;2.2;2.01;8.64;11.91;1635183166
2026-09-16T07:15:02.127810+00:00;UEFA - Europa League;Sunderland vs AZ Alkmaar;spread;away;0.5;2.01;1.8;10.45;11.80;1635220594
2026-09-16T07:15:02.128571+00:00;UEFA - Europa League;Sunderland vs AZ Alkmaar;spread;home;-0.5;2.09;1.794;14.16;11.80;1635220594
2026-09-16T07:15:03.281634+00:00;UEFA - Europa League;Anderlecht vs Lyon;spread;home;0.0;2.21;2.01;9.05;11.80;1635183166
2026-09-16T07:21:31.273891+00:00;Bhutan - Premier League;Tsirang vs Thimphu FC;total;over;3.5;1.901;1.82;4.26;1.69;1636518721
2026-09-16T07:21:43.970765+00:00;Czech Republic - Cup;Kraluv Dvur vs Zbrojovka Brno;total;under;1.5;1.87;1.758;5.99;6.69;1636212981
2026-09-16T07:21:47.741629+00:00;Russia - Premier League;Rodina Moscow vs Rubin Kazan;spread;away;-0.0;2.01;1.68;16.42;8.19;1636004919
2026-09-16T07:21:47.742317+00:00;Russia - Premier League;Rodina Moscow vs Rubin Kazan;spread;home;0.0;2.28;1.758;22.89;8.19;1636004919
2026-09-16T07:33:57.854094+00:00;Spain - La Liga;Levante vs Athletic Bilbao;spread;home;0.0;2.27;2.03;10.57;11.97;1635452435
2026-09-16T07:34:07.090232+00:00;Czech Republic - Cup;Kraluv Dvur vs Zbrojovka Brno;total;over;1.5;1.926;1.8;6.54;6.47;1636212981
2026-09-16T07:35:20.483587+00:00;Italy - Serie D;AC Milan II vs Brusaporto;total;under;2.5;1.855;1.746;5.88;8.45;1636333056
2026-09-16T07:36:29.957651+00:00;Bhutan - Premier League;Tsirang vs Thimphu FC;total;over;1.5;1.893;1.8;4.91;1.44;1636518721
2026-09-16T07:41:41.524464+00:00;UEFA - Europa League;Anderlecht vs Lyon;spread;home;0.0;2.2;2.01;8.64;11.34;1635183166
2026-09-16T07:41:43.440906+00:00;UEFA - Europa League;Sunderland vs AZ Alkmaar;spread;away;0.5;2.01;1.813;9.80;11.34;1635220594
2026-09-16T07:41:43.441494+00:00;UEFA - Europa League;Sunderland vs AZ Alkmaar;spread;home;-0.5;2.07;1.794;13.33;11.34;1635220594
2026-09-16T07:48:44.127419+00:00;Czech Republic - Cup;Kraluv Dvur vs Zbrojovka Brno;total;over;3.5;1.943;1.847;4.94;6.23;1636212981
2026-09-16T07:48:44.128071+00:00;Czech Republic - Cup;Kraluv Dvur vs Zbrojovka Brno;total;under;1.5;1.885;1.806;4.19;6.23;1636212981
2026-09-16T07:50:42.570883+00:00;Italy - Serie D;AC Bra vs Biellese;total;over;2.5;1.901;1.769;6.94;5.20;1636333006
2026-09-16T07:56:01.766936+00:00;Czech Republic - Cup;Vitkovice vs Artis Brno;total;under;3.5;1.901;1.8;5.31;6.11;1636213278
2026-09-16T08:03:16.491461+00:00;UEFA - Europa League;Hapoel Beer Sheva vs Dinamo Zagreb;spread;home;0.5;2.05;1.862;9.17;10.98;1635180776
2026-09-16T08:05:44.227866+00:00;Russia - Premier League;Rodina Moscow vs Rubin Kazan;spread;home;0.0;2.27;1.758;22.56;7.46;1636004919
2026-09-16T08:06:03.833301+00:00;Spain - La Liga;Deportivo La Coruna vs Sevilla;spread;home;0.0;2.09;1.813;13.25;8.95;1635414329
2026-09-16T08:06:03.834049+00:00;Spain - La Liga;Deportivo La Coruna vs Sevilla;spread;away;-0.0;2.14;1.69;21.03;8.95;1635414329
2026-09-16T08:19:16.501516+00:00;Switzerland - Super League;FC Lugano vs St. Gallen;spread;home;-0.5;2.07;1.885;8.94;8.73;1636213045
2026-09-16T08:19:34.011740+00:00;Georgia - Erovnuli Liga 2;Kolkheti 1913 Poti vs Samtredia;spread;away;-0.0;1.98;1.758;11.21;4.72;1636322300
2026-09-16T08:19:34.012508+00:00;Georgia - Erovnuli Liga 2;Kolkheti 1913 Poti vs Samtredia;spread;away;-0.0;1.847;1.694;8.28;4.72;1636322300
2026-09-16T08:19:41.825654+00:00;UEFA - Europa League;Sunderland vs AZ Alkmaar;spread;away;0.5;2.01;1.82;9.45;10.72;1635220594
2026-09-16T08:20:51.131049+00:00;Russia - Premier League;Rodina Moscow vs Rubin Kazan;spread;away;-0.0;2.01;1.685;16.17;7.21;1636004919
2026-09-16T08:25:28.780181+00:00;Czech Republic - Cup;Kraluv Dvur vs Zbrojovka Brno;total;over;1.5;1.84;1.763;4.18;5.61;1636212981
2026-09-16T08:25:37.158434+00:00;Egypt - Premier League;El Gounah vs Petrojet;spread;away;-0.0;1.926;1.758;8.72;5.61;1636213280
2026-09-16T08:25:48.243644+00:00;Egypt - Premier League;El Gounah vs Petrojet;spread;home;0.0;2.09;1.794;14.16;5.61;1636213280
2026-09-16T08:27:15.668825+00:00;Spain - La Liga;Deportivo La Coruna vs Sevilla;spread;home;0.0;2.09;1.806;13.59;8.60;1635414329
2026-09-16T08:27:35.467822+00:00;UEFA - Europa League;Sunderland vs AZ Alkmaar;spread;away;0.5;2.01;1.806;10.15;10.59;1635220594
2026-09-16T08:27:35.468465+00:00;UEFA - Europa League;Sunderland vs AZ Alkmaar;spread;home;-0.5;2.08;1.794;13.75;10.59;1635220594
2026-09-16T08:27:37.191296+00:00;UEFA - Europa League;AC Milan vs Benfica;spread;away;-0.0;2.14;1.952;8.79;10.59;1635180821
2026-09-16T08:33:56.721748+00:00;UEFA - Europa League;Hapoel Beer Sheva vs Dinamo Zagreb;spread;home;0.5;2.04;1.862;8.73;10.48;1635180776
2026-09-16T08:35:14.569866+00:00;Egypt - Premier League;El Gounah vs Petrojet;spread;away;-0.0;1.926;1.769;8.15;5.47;1636213280
2026-09-16T08:35:14.570528+00:00;Egypt - Premier League;El Gounah vs Petrojet;spread;home;0.0;2.07;1.794;13.33;5.47;1636213280
2026-09-16T08:51:22.663803+00:00;England - Northern League Division 1;Lichfield City vs Newcastle Town;spread;away;-2.0;1.943;1.763;9.26;9.94;1636346487
2026-09-16T08:51:57.384908+00:00;Italy - Serie D;Pro Sesto vs Citta Di Pontedera;spread;away;0.5;1.952;1.741;10.81;7.68;1636216268
2026-09-16T08:53:48.164196+00:00;UEFA - Europa League;Sunderland vs AZ Alkmaar;spread;away;0.5;2.01;1.847;8.11;10.16;1635220594
2026-09-16T08:53:48.164876+00:00;UEFA - Europa League;Sunderland vs AZ Alkmaar;spread;home;-0.5;2.03;1.794;11.63;10.16;1635220594
2026-09-16T08:53:53.182951+00:00;Egypt - Premier League;El Gounah vs Petrojet;spread;away;-0.0;1.926;1.752;9.03;5.16;1636213280
2026-09-16T08:53:53.183534+00:00;Egypt - Premier League;El Gounah vs Petrojet;spread;home;0.0;2.1;1.794;14.57;5.16;1636213280
2026-09-16T09:01:32.309691+00:00;UEFA - Europa League;Sunderland vs AZ Alkmaar;spread;home;-0.5;2.02;1.794;11.19;10.03;1635220594
2026-09-16T09:06:57.287900+00:00;Russia - Premier League;Rodina Moscow vs Rubin Kazan;spread;away;-0.0;2.01;1.73;13.93;6.43;1636004919
2026-09-16T09:06:57.288541+00:00;Russia - Premier League;Rodina Moscow vs Rubin Kazan;spread;home;0.0;2.2;1.758;20.09;6.43;1636004919
2026-09-16T09:07:43.129949+00:00;Norway - Cup;Kjelsas vs Ham-Kam;spread;away;-1.5;1.99;1.813;8.89;6.92;1636518771
2026-09-16T09:15:08.882930+00:00;UEFA - Europa League;Hapoel Beer Sheva vs Dinamo Zagreb;spread;home;0.5;2.05;1.862;9.17;9.80;1635180776
2026-09-16T09:15:12.206842+00:00;UEFA - Europa League;Sunderland vs AZ Alkmaar;spread;away;0.5;2.01;1.84;8.46;9.80;1635220594
2026-09-16T09:15:12.207489+00:00;UEFA - Europa League;Sunderland vs AZ Alkmaar;spread;home;-0.5;2.04;1.781;12.70;9.80;1635220594
2026-09-16T09:16:09.754513+00:00;Georgia - Erovnuli Liga 2;Kolkheti 1913 Poti vs Samtredia;spread;home;0.0;2.0;1.833;8.35;3.79;1636322300
2026-09-16T09:21:38.394306+00:00;Czech Republic - Cup;Vitkovice vs Artis Brno;total;over;1.5;1.98;1.885;4.80;4.68;1636213278
2026-09-16T09:21:39.084981+00:00;Czech Republic - Cup;Havirov vs Zlin;total;over;1.5;1.971;1.862;5.53;4.68;1636213277
2026-09-16T09:21:43.511268+00:00;Slovenia - Cup;Korotan Prevalje vs Maribor;total;over;4.5;1.926;1.794;6.85;7.68;1636581432
2026-09-16T09:23:11.086969+00:00;Switzerland - Super League;Thun vs Servette;spread;away;-0.0;2.12;1.935;8.73;7.66;1636213230
2026-09-16T09:23:37.292260+00:00;UEFA - Europa League;Sunderland vs AZ Alkmaar;spread;away;0.5;2.02;1.84;8.91;9.66;1635220594
2026-09-16T09:23:37.882397+00:00;Poland - 4th Liga;MGKS Huragan Pobiedziska vs Gornik Konin;spread;away;-1.0;2.04;1.862;8.73;5.66;1636341474
2026-09-16T09:24:44.622386+00:00;Russia - Premier League;Rodina Moscow vs Rubin Kazan;spread;away;-0.0;2.01;1.704;15.22;6.15;1636004919
2026-09-16T09:24:44.623005+00:00;Russia - Premier League;Rodina Moscow vs Rubin Kazan;spread;home;0.0;2.23;1.758;21.17;6.15;1636004919
2026-09-16T09:30:53.990189+00:00;Spain - La Liga;Atletico Madrid vs Osasuna;total;under;3.5;1.84;1.725;6.25;7.53;1635414328
2026-09-16T09:31:14.900061+00:00;UEFA - Europa League;Sunderland vs AZ Alkmaar;spread;away;0.5;2.02;1.794;11.19;9.53;1635220594
2026-09-16T09:31:14.900648+00:00;UEFA - Europa League;Sunderland vs AZ Alkmaar;spread;home;-0.5;2.1;1.781;15.19;9.53;1635220594
2026-09-16T09:38:34.541425+00:00;Switzerland - Super League;Thun vs Servette;spread;away;-0.0;2.11;1.935;8.29;7.41;1636213230
2026-09-16T09:46:33.928885+00:00;UEFA - Europa League;Sunderland vs AZ Alkmaar;spread;home;-0.5;2.1;1.82;13.33;9.27;1635220594
2026-09-16T09:54:37.644845+00:00;Thailand - League 2;Chainat Hornbill vs Pattaya United;total;under;2.5;1.893;1.775;6.23;1.14;1636341488
2026-09-16T09:55:31.751928+00:00;UEFA - Europa League;Sunderland vs AZ Alkmaar;spread;away;0.5;1.971;1.794;8.98;9.13;1635220594
2026-09-16T10:03:19.352574+00:00;UEFA - Europa League;Sunderland vs AZ Alkmaar;spread;home;-0.5;2.06;1.82;11.65;9.00;1635220594
2026-09-16T10:03:25.081868+00:00;UEFA - Europa League;Hapoel Beer Sheva vs Dinamo Zagreb;spread;home;0.5;2.06;1.862;9.61;9.00;1635180776
2026-09-16T10:09:31.771817+00:00;Norway - Cup;Sandviken vs Asane;spread;home;0.0;1.901;1.714;9.84;5.89;1636506217
2026-09-16T10:10:05.921143+00:00;Czech Republic - Cup;Vitkovice vs Artis Brno;total;under;3.5;1.862;1.769;4.99;3.88;1636213278
2026-09-16T10:10:11.077096+00:00;Czech Republic - Cup;Havirov vs Zlin;total;over;3.5;1.862;1.781;4.35;3.88;1636213277
2026-09-16T10:11:17.506373+00:00;Switzerland - Super League;Thun vs Servette;spread;away;-0.0;2.13;1.935;9.15;6.87;1636213230
2026-09-16T10:19:08.260747+00:00;UEFA - Europa League;Sunderland vs AZ Alkmaar;spread;home;-0.5;2.1;1.82;13.33;8.74;1635220594
2026-09-16T10:25:51.511345+00:00;Luxembourg - National Division;Differdange vs Swift Hesperange;spread;home;-1.5;1.847;1.699;8.01;7.62;1636213361
2026-09-16T10:32:19.170470+00:00;UEFA - Europa League;Hapoel Beer Sheva vs Dinamo Zagreb;spread;home;0.5;2.07;1.862;10.05;8.50;1635180776
2026-09-16T10:34:27.465770+00:00;Thailand - League 2;Mahasarakham vs Nakhon Ratchasima FC;spread;away;-0.0;2.04;1.746;14.41;1.48;1636341495
2026-09-16T10:34:51.575139+00:00;Switzerland - Super League;Thun vs Servette;spread;away;-0.0;2.12;1.935;8.73;6.47;1636213230
2026-09-16T10:34:59.324340+00:00;Norway - Cup;Sandviken vs Asane;total;over;1.5;1.98;1.862;5.96;5.47;1636506217
2026-09-16T10:42:36.432705+00:00;Egypt - Premier League;El Gounah vs Petrojet;spread;away;-0.0;1.926;1.714;11.01;3.35;1636213280
2026-09-16T10:42:36.481762+00:00;Egypt - Premier League;El Gounah vs Petrojet;spread;home;0.0;2.16;1.794;16.94;3.35;1636213280
2026-09-16T10:42:57.289118+00:00;UEFA - Europa League;AC Milan vs Benfica;spread;away;-0.0;2.2;1.971;10.41;8.34;1635180821
2026-09-16T10:48:03.737845+00:00;Denmark - Cup;Naesby vs Horsens;total;over;1.5;1.98;1.794;9.39;3.74;1636268358
2026-09-16T10:50:58.148034+00:00;UEFA - Europa League;Hapoel Beer Sheva vs Dinamo Zagreb;spread;home;0.5;2.06;1.862;9.61;8.21;1635180776
2026-09-16T10:51:06.762961+00:00;Switzerland - Super League;FC Lugano vs St. Gallen;spread;home;-0.5;2.06;1.885;8.50;6.21;1636213045
2026-09-16T10:58:55.841303+00:00;UEFA - Europa League;AC Milan vs Benfica;spread;away;-0.0;2.16;1.971;8.75;8.08;1635180821
2026-09-16T10:58:59.918081+00:00;UEFA - Europa League;Sunderland vs AZ Alkmaar;spread;home;-0.5;2.07;1.82;12.08;8.08;1635220594
2026-09-16T11:05:28.613610+00:00;Norway - Cup;Sandviken vs Asane;total;over;3.5;1.885;1.806;4.19;4.96;1636506217
2026-09-16T11:06:55.523615+00:00;Egypt - Premier League;El Gounah vs Petrojet;spread;away;-0.0;1.926;1.671;13.24;2.95;1636213280
2026-09-16T11:06:55.525038+00:00;Egypt - Premier League;El Gounah vs Petrojet;spread;home;0.0;2.23;1.794;19.55;2.95;1636213280
2026-09-16T11:07:29.407804+00:00;Switzerland - Super League;FC Lugano vs St. Gallen;spread;home;-0.5;2.07;1.885;8.94;5.94;1636213045
2026-09-16T11:13:07.346120+00:00;Slovakia - Cup;Nitra vs Slovan Bratislava;total;under;1.5;1.901;1.794;5.63;5.32;1636341479
2026-09-16T11:15:13.665378+00:00;Turkey - Cup;Inkilapspor vs Beykoz Anadolu;spread;away;-0.0;2.08;1.775;14.66;0.80;1636578434
2026-09-16T11:15:21.966633+00:00;UEFA - Europa League;Sunderland vs AZ Alkmaar;spread;home;-0.5;2.06;1.855;9.95;7.80;1635220594
2026-09-16T11:23:39.895009+00:00;Egypt - Premier League;El Gounah vs Petrojet;spread;away;-0.0;1.926;1.662;13.71;2.67;1636213280
2026-09-16T11:23:39.911416+00:00;Egypt - Premier League;El Gounah vs Petrojet;spread;home;0.0;2.25;1.794;20.27;2.67;1636213280
2026-09-16T11:30:16.993119+00:00;UEFA - Europa League;AC Milan vs Benfica;spread;away;-0.0;2.13;1.952;8.36;7.55;1635180821
2026-09-16T11:37:45.913515+00:00;Italy - Serie D;Reggina vs Avola 1949;total;over;2.5;1.935;1.833;5.27;4.92;1636149773
2026-09-16T11:38:22.351748+00:00;Thailand - League 2;Mahasarakham vs Nakhon Ratchasima FC;spread;home;0.0;2.01;1.826;9.15;0.41;1636341495
2026-09-16T11:39:07.648724+00:00;Norway - Cup;Notodden vs Odd BK;spread;home;0.5;1.962;1.787;8.92;4.41;1636531171
2026-09-16T11:39:42.460942+00:00;Albania - 1st Division;Kastrioti Kruje vs Flamurtari Vlore;total;over;2.5;1.971;1.885;4.36;2.40;1636408846
2026-09-16T11:39:55.064533+00:00;Switzerland - Super League;FC Lugano vs St. Gallen;spread;home;-0.5;2.06;1.885;8.50;5.40;1636213045
2026-09-16T11:45:31.528806+00:00;UEFA - Europa League;Sunderland vs AZ Alkmaar;spread;home;-0.5;2.07;1.847;10.77;7.28;1635220594
2026-09-16T11:45:31.529428+00:00;UEFA - Europa League;Sunderland vs AZ Alkmaar;spread;away;1.0;2.09;1.901;9.04;7.28;1635220594
2026-09-16T11:52:46.437901+00:00;Uruguay - Cup;Rentistas vs Plaza Colonia;spread;away;-0.0;1.781;1.621;8.98;6.66;1636618367
2026-09-16T11:53:44.873469+00:00;UEFA - Europa League;Hapoel Beer Sheva vs Dinamo Zagreb;spread;home;0.5;2.05;1.862;9.17;7.15;1635180776
2026-09-16T11:53:53.604092+00:00;Switzerland - Super League;FC Lugano vs St. Gallen;spread;home;-0.5;2.06;1.877;8.88;5.15;1636213045
2026-09-16T11:55:05.116478+00:00;Norway - Cup;Sandviken vs Asane;total;over;1.5;1.877;1.781;5.11;4.14;1636506217
2026-09-16T11:55:33.523186+00:00;Bosnia and Herzegovina - 1st League;FK Majevica vs Rudar Prijedor;total;over;2.5;1.943;1.794;7.67;2.13;1636759999
2026-09-16T11:55:58.038205+00:00;Nigeria - NPFL;Rivers United vs Warri Wolves;spread;home;-1.0;1.952;1.781;8.76;3.13;1636346528
2026-09-16T11:56:19.646255+00:00;Albania - 1st Division;Kastrioti Kruje vs Flamurtari Vlore;total;over;2.5;1.885;1.806;4.19;2.13;1636408846
2026-09-16T12:02:15.865290+00:00;Russia - First League;Yenisey Krasnoyarsk vs Arsenal Tula;spread;home;-0.5;2.08;1.787;14.09;0.51;1635472505
2026-09-16T12:02:52.602464+00:00;UEFA - Europa League;Hapoel Beer Sheva vs Dinamo Zagreb;spread;home;0.5;2.04;1.862;8.73;7.00;1635180776
2026-09-16T12:02:56.567087+00:00;UEFA - Europa League;Sunderland vs AZ Alkmaar;spread;away;1.0;2.1;1.901;9.48;7.00;1635220594
2026-09-16T12:03:59.873116+00:00;Italy - Serie D;Maceratese vs Ancona;spread;away;-1.0;2.0;1.709;14.55;4.00;1636333057
2026-09-16T12:09:20.729987+00:00;Czech Republic - Cup;Neratovice-Byskovice vs Slovacko;total;over;1.5;1.99;1.877;5.68;1.89;1636213276
2026-09-16T12:09:27.248059+00:00;Egypt - Premier League;El Gounah vs Petrojet;spread;away;-0.0;1.926;1.667;13.45;1.88;1636213280
2026-09-16T12:09:27.248808+00:00;Egypt - Premier League;El Gounah vs Petrojet;spread;home;0.0;2.24;1.8;19.64;1.88;1636213280
2026-09-16T12:12:25.324979+00:00;Albania - 1st Division;Besa Kavaje vs Oriku;total;over;2.5;1.962;1.84;6.22;1.86;1636642332
2026-09-16T12:17:29.766819+00:00;UEFA - Europa League;Hapoel Beer Sheva vs Dinamo Zagreb;spread;home;0.5;2.05;1.862;9.17;6.75;1635180776
2026-09-16T12:17:34.554879+00:00;UEFA - Europa League;Sunderland vs AZ Alkmaar;spread;home;-0.5;2.07;1.82;12.08;6.75;1635220594
2026-09-16T12:17:38.812880+00:00;Brazil - Serie A;Botafogo FR RJ vs Gremio;total;over;4.5;1.87;1.741;6.90;10.25;1636216739
2026-09-16T12:18:17.143937+00:00;Denmark - Cup;Naesby vs Horsens;total;over;3.5;1.943;1.82;6.33;2.25;1636268358
2026-09-16T12:18:36.758398+00:00;England - EFL Cup;Manchester United vs Brighton;total;over;3.5;2.05;1.885;8.05;6.74;1635455599
2026-09-16T12:19:00.645778+00:00;Switzerland - Super League;FC Lugano vs St. Gallen;spread;home;-0.5;2.07;1.877;9.32;4.74;1636213045
2026-09-16T12:20:45.168897+00:00;Turkey - Cup;Bucaspor 1928 vs Taftea;spread;home;1.0;1.962;1.8;8.26;1.72;1636598002
2026-09-16T12:28:12.870317+00:00;Czech Republic - 3. Liga;Zapy vs Slovan Liberec II;total;under;1.5;1.862;1.741;6.50;2.59;1636213186
2026-09-16T12:33:38.716445+00:00;England - EFL Cup;Manchester United vs Brighton;total;over;3.5;2.04;1.885;7.60;6.48;1635455599
2026-09-16T12:37:03.097882+00:00;UEFA - Europa League;Sunderland vs AZ Alkmaar;spread;away;0.5;1.971;1.813;8.02;6.44;1635220594
2026-09-16T12:37:03.098555+00:00;UEFA - Europa League;Sunderland vs AZ Alkmaar;spread;home;-0.5;2.07;1.826;11.79;6.44;1635220594
2026-09-16T12:37:12.445856+00:00;Egypt - Premier League;El Gounah vs Petrojet;spread;away;-0.0;1.926;1.676;12.98;1.44;1636213280
2026-09-16T12:37:12.446802+00:00;Egypt - Premier League;El Gounah vs Petrojet;spread;home;0.0;2.22;1.8;18.92;1.44;1636213280
2026-09-16T12:42:00.917448+00:00;Switzerland - Super League;FC Lugano vs St. Gallen;spread;home;-0.5;2.06;1.877;8.88;4.34;1636213045
2026-09-16T12:45:01.405563+00:00;Lithuania - A Lyga;Vilnius Zalgiris vs Kauno Zalgiris;spread;home;0.0;2.2;1.99;9.55;3.06;1636213016
2026-09-16T12:45:02.456798+00:00;Tanzania - Premier League;Azam vs Simba;spread;away;-0.0;1.763;1.613;8.51;3.31;1636518772
2026-09-16T12:45:29.556773+00:00;UEFA - Europa League;Sunderland vs AZ Alkmaar;spread;home;-0.5;2.09;1.806;13.59;6.31;1635220594
2026-09-16T12:45:32.506080+00:00;UEFA - Europa League;AC Milan vs Benfica;spread;away;-0.0;2.17;1.952;10.05;6.31;1635180821
2026-09-16T12:52:26.246439+00:00;UEFA - Europa League;Sunderland vs AZ Alkmaar;spread;away;0.5;1.99;1.806;9.25;6.18;1635220594
2026-09-16T12:53:31.764627+00:00;Spain - Federation Cup;Recreativo Huelva vs Cacereno;spread;home;0.0;1.952;1.741;10.81;5.67;1636518718
2026-09-16T12:53:31.765375+00:00;Spain - Federation Cup;Recreativo Huelva vs Cacereno;spread;home;0.0;1.926;1.763;8.46;5.67;1636518718
2026-09-16T12:58:44.161440+00:00;Bosnia and Herzegovina - 1st League;FK Majevica vs Rudar Prijedor;total;under;2.5;1.935;1.826;5.63;1.06;1636759999
2026-09-16T13:08:05.289124+00:00;England - EFL Cup;Manchester United vs Brighton;total;over;3.5;2.02;1.885;6.68;5.92;1635455599
2026-09-16T13:08:43.586011+00:00;Albania - 1st Division;Besa Kavaje vs Oriku;total;under;2.5;1.926;1.82;5.50;0.91;1636642332
2026-09-16T13:09:58.281337+00:00;Bolivia - Primera Division;Blooming vs Universitario de Vinto;spread;away;0.5;1.943;1.709;12.04;11.39;1636215287
2026-09-16T13:10:12.131906+00:00;Turkey - Cup;Bucaspor 1928 vs Taftea;spread;away;-0.5;1.935;1.746;9.77;0.89;1636598002
2026-09-16T13:17:21.552694+00:00;Egypt - 2nd Division B;Gezira SC vs El-Obour SC;spread;away;-0.0;1.99;1.704;14.37;0.27;1636590070
2026-09-16T13:23:38.028688+00:00;Czech Republic - Cup;Kozlovice vs Pardubice;total;over;4.5;1.926;1.781;7.53;0.65;1636213279
2026-09-16T13:23:42.639640+00:00;Czech Republic - Cup;Vitkovice vs Artis Brno;total;over;1.5;1.926;1.813;5.87;0.65;1636213278
2026-09-16T13:23:57.048666+00:00;UEFA - Europa League;Hapoel Beer Sheva vs Dinamo Zagreb;spread;home;0.5;2.06;1.862;9.61;5.65;1635180776
2026-09-16T13:25:15.230169+00:00;Egypt - 2nd Division B;Egypt Insurance vs Banha;spread;away;-0.0;1.877;1.61;14.22;0.13;1636578602
2026-09-16T13:39:27.696623+00:00;Denmark - Cup;Naesby vs Horsens;total;over;1.5;1.82;1.746;4.07;0.89;1636268358
2026-09-16T13:41:53.709813+00:00;Egypt - Premier League;El Gounah vs Petrojet;spread;away;-0.0;1.926;1.658;13.91;0.36;1636213280
2026-09-16T13:41:53.710554+00:00;Egypt - Premier League;El Gounah vs Petrojet;spread;home;0.0;2.25;1.8;20.00;0.36;1636213280
2026-09-16T13:48:11.787823+00:00;UEFA - Europa League;Hapoel Beer Sheva vs Dinamo Zagreb;spread;home;0.5;2.05;1.862;9.17;5.24;1635180776
2026-09-16T13:49:49.877678+00:00;USA - MLS Next Pro League;Real Monarchs vs Minnesota United II;total;under;1.5;1.84;1.752;4.78;11.23;1636216744
2026-09-16T13:50:07.461839+00:00;Czech Republic - 3. Liga;Zapy vs Slovan Liberec II;total;over;1.5;1.98;1.8;9.09;1.22;1636213186
2026-09-16T13:55:51.826369+00:00;Egypt - Premier League;El Gounah vs Petrojet;spread;away;-0.0;1.926;1.667;13.45;0.11;1636213280
2026-09-16T13:55:51.826981+00:00;Egypt - Premier League;El Gounah vs Petrojet;spread;home;0.0;2.24;1.8;19.64;0.11;1636213280
2026-09-16T13:55:55.492570+00:00;Poland - 4th Liga;MGKS Huragan Pobiedziska vs Gornik Konin;total;under;1.5;1.8;1.725;4.17;1.11;1636341474
2026-09-16T13:58:00.280000+00:00;Serbia - Prva Liga;Smederevo vs Spartak Subotica;total;under;2.5;1.893;1.806;4.60;0.09;1636332981
2026-09-16T14:04:32.618741+00:00;UEFA - Europa League;Hapoel Beer Sheva vs Dinamo Zagreb;spread;home;0.5;2.06;1.862;9.61;4.97;1635180776
2026-09-16T14:26:44.295430+00:00;Croatia - 3. NL;Neretva vs Hrvatski Vitez Posedarje;total;over;2.5;1.893;1.775;6.23;0.10;1636213170
2026-09-16T14:26:49.529078+00:00;Switzerland - Super League;FC Lugano vs St. Gallen;spread;home;-0.5;2.05;1.877;8.44;2.60;1636213045
2026-09-16T14:27:07.795758+00:00;Norway - Cup;Kjelsas vs Ham-Kam;total;over;1.5;1.885;1.787;5.20;1.60;1636518771
2026-09-16T14:28:21.642526+00:00;Turkey - Cup;Kirikkale FK vs Kirsehir FSK;spread;home;-0.5;1.98;1.781;10.05;1.58;1636572937
2026-09-16T14:35:41.437146+00:00;Ecuador - Serie B;Cuenca Juniors vs San Antonio FC;spread;home;-0.5;1.917;1.763;8.03;5.95;1636215249
2026-09-16T14:42:07.414084+00:00;AFC - Champions League 2;Al Hussein SC vs East Bengal;spread;home;-1.0;1.98;1.775;10.35;1.35;1636213212
2026-09-16T14:51:08.908964+00:00;England - EFL Cup;Coventry City vs Aston Villa;spread;away;-0.5;2.02;1.855;8.17;4.19;1635458187
2026-09-16T14:57:08.535159+00:00;Norway - Cup;Os vs Brann;total;over;4.5;1.877;1.794;4.42;1.09;1636498799
2026-09-16T14:57:42.166400+00:00;El Salvador - Primera Division;Santa Tecla vs FAS;spread;home;0.0;2.15;1.962;8.74;10.08;1636215294
2026-09-16T15:04:46.121574+00:00;England - Northern League Division 1;Lichfield City vs Newcastle Town;spread;home;2.0;1.952;1.775;9.07;3.71;1636346487
2026-09-16T15:06:06.696234+00:00;Uruguay - Cup;Rentistas vs Plaza Colonia;spread;home;0.0;2.17;1.943;10.46;3.44;1636618367
2026-09-16T15:11:29.428082+00:00;Norway - Cup;Sandviken vs Asane;total;under;1.5;1.943;1.855;4.53;0.85;1636506217
2026-09-16T15:13:04.913914+00:00;Russia - Premier League;Rodina Moscow vs Rubin Kazan;spread;home;0.0;2.21;2.01;9.05;0.33;1636004919
2026-09-16T15:18:43.059486+00:00;Luxembourg - National Division;UNA Strassen vs Rumelange;total;over;1.5;1.901;1.82;4.26;2.73;1636213358
2026-09-16T15:19:47.166532+00:00;England - EFL Cup;Manchester United vs Brighton;total;under;3.5;2.04;1.901;6.81;3.71;1635455599
2026-09-16T15:27:04.520749+00:00;Norway - Cup;Trygg/Lade vs Molde;total;over;4.5;1.943;1.862;4.17;0.59;1636498231
2026-09-16T15:27:08.419517+00:00;Norway - Cup;Jerv vs Egersunds;total;over;3.5;1.962;1.833;6.57;0.59;1636518747
2026-09-16T15:33:46.040696+00:00;UEFA - Europa League;Hapoel Beer Sheva vs Dinamo Zagreb;spread;home;0.5;2.05;1.862;9.17;3.48;1635180776
2026-09-16T15:33:49.582967+00:00;UEFA - Europa League;AC Milan vs Benfica;spread;away;-0.0;2.15;1.971;8.33;3.48;1635180821
2026-09-16T15:41:02.186333+00:00;Norway - Cup;Sandviken vs Asane;spread;away;0.5;1.943;1.787;8.03;0.36;1636506217
2026-09-16T15:41:14.335153+00:00;Uruguay - Cup;CA Progreso vs Nacional de Football;spread;away;-0.5;2.12;1.926;9.15;2.36;1636293951
2026-09-16T15:53:41.452642+00:00;Norway - Cup;Kjelsas vs Ham-Kam;total;under;1.5;1.98;1.862;5.96;0.15;1636518771
2026-09-16T15:55:32.518094+00:00;UEFA - Europa League;Hapoel Beer Sheva vs Dinamo Zagreb;spread;home;0.5;2.07;1.862;10.05;3.12;1635180776
2026-09-16T16:01:17.745559+00:00;Italy - Serie C Group B;Grosseto vs Campobasso;total;over;2.5;2.04;1.87;8.33;0.52;1636213035
2026-09-16T16:20:37.710072+00:00;UEFA - Europa League;Omonia Nicosia vs Celta Vigo;total;under;4.5;1.926;1.787;7.22;0.45;1635183155
2026-09-16T16:34:46.711512+00:00;Sweden - Division 1 Sodra;Jonkopings Sodra vs Aatvidabergs;total;under;2.5;1.943;1.855;4.53;0.46;1636213341
2026-09-16T16:35:19.396066+00:00;USA - MLS Next Pro League;Real Monarchs vs Minnesota United II;total;under;3.5;1.935;1.847;4.55;8.45;1636216744
2026-09-16T16:40:19.408029+00:00;Switzerland - Super League;Thun vs Servette;spread;away;-0.0;2.19;1.98;9.59;0.37;1636213230
2026-09-16T16:55:17.100070+00:00;Sweden - Division 1 Sodra;Hassleholms vs AFC Malmo;spread;away;-0.0;1.971;1.73;12.23;0.12;1636213044
2026-09-16T17:01:06.981221+00:00;Spain - La Liga;Deportivo La Coruna vs Sevilla;spread;home;0.0;1.935;1.775;8.27;0.02;1635414329
2026-09-16T17:19:28.905691+00:00;UEFA - Europa League;AC Milan vs Benfica;spread;away;-0.0;2.15;1.943;9.63;1.70;1635180821
2026-09-16T17:30:28.845301+00:00;UEFA - Europa League;AC Milan vs Benfica;spread;away;-0.0;2.14;1.943;9.21;1.53;1635180821
2026-09-16T17:36:23.593174+00:00;UEFA - Europa League;Hapoel Beer Sheva vs Dinamo Zagreb;spread;home;0.5;2.06;1.862;9.61;1.43;1635180776
2026-09-16T17:48:20.509834+00:00;UEFA - Europa League;AC Milan vs Benfica;spread;away;-0.0;2.15;1.943;9.63;1.23;1635180821
2026-09-16T17:54:13.409846+00:00;UEFA - Europa League;Hapoel Beer Sheva vs Dinamo Zagreb;spread;home;0.5;2.07;1.862;10.05;1.13;1635180776
2026-09-16T17:59:41.029154+00:00;UEFA - Europa League;AC Milan vs Benfica;spread;away;-0.0;2.23;1.943;12.87;1.04;1635180821
2026-09-16T17:59:54.271992+00:00;Italy - Serie C Group B;Perugia vs Spezia;spread;home;0.0;2.13;1.855;12.91;1.03;1636216683
2026-09-16T18:05:24.901391+00:00;UEFA - Europa League;Sunderland vs AZ Alkmaar;spread;away;-0.0;1.971;1.769;10.25;0.94;1635220594
2026-09-16T18:05:29.320050+00:00;England - EFL Cup;Manchester United vs Brighton;total;over;3.5;2.03;1.885;7.14;0.94;1635455599
2026-09-16T18:10:41.002114+00:00;England - National League;Scunthorpe United vs Boreham Wood;spread;home;0.5;1.901;1.746;8.15;0.61;1635435505
2026-09-16T18:10:41.002880+00:00;England - National League;Scunthorpe United vs Boreham Wood;spread;away;-0.5;2.1;1.833;12.71;0.61;1635435505
2026-09-16T18:11:25.703496+00:00;Brazil - Gaucho 2;Gloria vs Uniao Frederiquense;spread;home;0.0;1.758;1.568;10.81;3.84;1636498778
2026-09-16T18:16:20.694752+00:00;UEFA - Europa League;AC Milan vs Benfica;spread;away;-0.0;2.22;1.943;12.48;0.76;1635180821
2026-09-16T18:21:52.520589+00:00;England - EFL Cup;Manchester United vs Brighton;total;over;3.5;2.04;1.885;7.60;0.67;1635455599
2026-09-16T18:32:08.598456+00:00;Venezuela - Segunda Division;Deportivo Lara vs Atletico El Vigia;spread;away;0.5;1.87;1.699;9.14;4.50;1636506219
2026-09-16T18:32:35.684229+00:00;UEFA - Europa League;AC Milan vs Benfica;spread;away;-0.0;2.23;1.943;12.87;0.49;1635180821
2026-09-16T18:38:03.388250+00:00;UEFA - Europa League;Hapoel Beer Sheva vs Dinamo Zagreb;spread;home;0.5;2.06;1.855;9.95;0.40;1635180776
2026-09-16T18:48:19.682696+00:00;UEFA - Europa League;AC Milan vs Benfica;spread;away;-0.0;2.14;1.943;9.21;0.22;1635180821
2026-09-16T18:53:18.348529+00:00;England - EFL Cup;Manchester United vs Brighton;total;over;3.5;2.03;1.885;7.14;0.14;1635455599
2026-09-16T18:53:32.428385+00:00;UEFA - Europa League;Hapoel Beer Sheva vs Dinamo Zagreb;spread;home;0.5;2.08;1.855;10.82;0.14;1635180776
