episode_id;timestamp_start;timestamp_end;league;match;matchup_id;market;side;points;start_odd;end_odd;movement_pct;duration_minutes;hours_until_match_start;hours_until_match_end;observations;base_prob_pct;steam_dominance_pct;movement_score;persistence_score;timing_score;fvs_score
1636937809-spread-home--2.0-1790097815;2026-09-22T17:23:35.654183+00:00;2026-09-22T17:23:35.654183+00:00;England - EFL Trophy;MK Dons vs Crawley Town;1636937809;spread;home;-2.0;2.0;1.909;4.55;0;0.59;0.39;1;48.89;100.0;37.92;0.0;64.82;53.73
1637090737-spread-home--0.5-1790097815;2026-09-22T17:23:35.654183+00:00;2026-09-22T17:23:35.654183+00:00;England - EFL Trophy;Swindon Town vs Newport County;1637090737;spread;home;-0.5;1.901;1.787;5.997;0;0.59;0.39;1;52.09;92.86;49.97;0.0;64.82;55.32
1637002779-moneyline-draw--1790098029;2026-09-22T17:27:09.356412+00:00;2026-09-22T17:27:09.356412+00:00;England - EFL Trophy;Bradford City vs Newcastle United U21;1637002779;moneyline;draw;;7.96;7.8;2.01;0;1.03;0.83;1;12.06;100.0;16.75;0.0;75.85;39.55
1637064578-moneyline-away--1790098029;2026-09-22T17:27:09.356412+00:00;2026-09-22T17:27:09.356412+00:00;England - EFL Trophy;Leicester City vs Fulham U21;1637064578;moneyline;away;;12.99;11.28;13.164;0;0.53;0.33;1;8.32;60.92;100.0;0.0;63.35;44.06
1637064578-moneyline-draw--1790098029;2026-09-22T17:27:09.356412+00:00;2026-09-22T17:27:09.356412+00:00;England - EFL Trophy;Leicester City vs Fulham U21;1637064578;moneyline;draw;;9.0;8.24;8.444;0;0.53;0.33;1;11.39;39.08;70.37;0.0;63.35;33.6
1637064578-spread-away-2.5-1790098029;2026-09-22T17:27:09.356412+00:00;2026-09-22T17:27:09.356412+00:00;England - EFL Trophy;Leicester City vs Fulham U21;1637064578;spread;away;2.5;2.02;1.877;7.079;0;0.53;0.33;1;51.11;100.0;58.99;0.0;63.35;58.47
1637086523-moneyline-away--1790098029;2026-09-22T17:27:09.356412+00:00;2026-09-22T17:27:09.356412+00:00;England - EFL Trophy;Walsall vs Stevenage;1637086523;moneyline;away;;2.07;1.962;5.217;0;0.53;0.33;1;47.85;100.0;43.48;0.0;63.35;54.38
1637086523-spread-away--0.5-1790098029;2026-09-22T17:27:09.356412+00:00;2026-09-22T17:27:09.356412+00:00;England - EFL Trophy;Walsall vs Stevenage;1637086523;spread;away;-0.5;1.971;1.847;6.291;0;0.53;0.33;1;50.51;100.0;52.43;0.0;63.35;56.97
1637067851-moneyline-home--1790098029;2026-09-22T17:27:09.356412+00:00;2026-09-22T17:27:09.356412+00:00;England - EFL Trophy;Wigan Athletic vs Blackpool;1637067851;moneyline;home;;2.82;2.76;2.128;0;0.53;0.33;1;33.18;79.91;17.73;0.0;63.35;39.81
1636937809-spread-away-2.0-1790098029;2026-09-22T17:27:09.356412+00:00;2026-09-22T17:27:09.356412+00:00;England - EFL Trophy;MK Dons vs Crawley Town;1636937809;spread;away;2.0;1.826;1.781;2.464;0;0.53;0.33;1;52.9;100.0;20.54;0.0;63.35;51.31
1637069525-moneyline-home--1790098029;2026-09-22T17:27:09.356412+00:00;2026-09-22T17:27:09.356412+00:00;England - EFL Trophy;Notts County vs Grimsby Town;1637069525;moneyline;home;;2.67;2.56;4.12;0;0.53;0.33;1;35.8;100.0;34.33;0.0;63.35;48.94
1637069525-spread-home-0.0-1790098029;2026-09-22T17:27:09.356412+00:00;2026-09-22T17:27:09.356412+00:00;England - EFL Trophy;Notts County vs Grimsby Town;1637069525;spread;home;0.0;2.04;1.943;4.755;0;0.53;0.33;1;48.64;100.0;39.62;0.0;63.35;53.85
1637069527-moneyline-away--1790098029;2026-09-22T17:27:09.356412+00:00;2026-09-22T17:27:09.356412+00:00;England - EFL Trophy;York City vs Rotherham United;1637069527;moneyline;away;;2.27;2.23;1.762;0;0.53;0.33;1;41.06;100.0;14.68;0.0;63.35;46.59
1637067771-moneyline-away--1790098029;2026-09-22T17:27:09.356412+00:00;2026-09-22T17:27:09.356412+00:00;England - EFL Trophy;Gillingham vs Cambridge United;1637067771;moneyline;away;;1.617;1.541;4.7;0;0.53;0.33;1;59.43;100.0;39.17;0.0;63.35;57.0
1637064580-moneyline-away--1790098029;2026-09-22T17:27:09.356412+00:00;2026-09-22T17:27:09.356412+00:00;England - EFL Trophy;Crewe Alexandra vs Aston Villa U21;1637064580;moneyline;away;;6.45;5.23;18.915;0;0.53;0.33;1;17.97;65.25;100.0;0.0;63.35;48.04
1637064580-moneyline-draw--1790098029;2026-09-22T17:27:09.356412+00:00;2026-09-22T17:27:09.356412+00:00;England - EFL Trophy;Crewe Alexandra vs Aston Villa U21;1637064580;moneyline;draw;;5.36;4.82;10.075;0;0.53;0.33;1;19.5;34.75;83.96;0.0;63.35;37.66
1637098266-moneyline-away--1790098029;2026-09-22T17:27:09.356412+00:00;2026-09-22T17:27:09.356412+00:00;England - EFL Trophy;Barnsley vs Leeds United U21;1637098266;moneyline;away;;7.56;6.33;16.27;0;0.53;0.33;1;14.85;60.97;100.0;0.0;63.35;46.03
1637098266-moneyline-draw--1790098029;2026-09-22T17:27:09.356412+00:00;2026-09-22T17:27:09.356412+00:00;England - EFL Trophy;Barnsley vs Leeds United U21;1637098266;moneyline;draw;;5.76;5.16;10.417;0;0.53;0.33;1;18.22;39.03;86.81;0.0;63.35;38.92
1636768959-spread-home-0.0-1790098238;2026-09-22T17:30:38.899098+00:00;2026-09-22T17:30:38.899098+00:00;Colombia - Primera B;Atletico Cali vs Tigres;1636768959;spread;home;0.0;1.971;1.877;4.769;0;3.48;3.28;1;48.6;55.02;39.74;0.0;100.0;46.29
1636768959-spread-away--0.0-1790098238;2026-09-22T17:30:38.899098+00:00;2026-09-22T17:30:38.899098+00:00;Colombia - Primera B;Atletico Cali vs Tigres;1636768959;spread;away;-0.0;1.847;1.775;3.898;0;3.48;3.28;1;51.4;44.98;32.49;0.0;100.0;43.16
1637090761-moneyline-away--1790098238;2026-09-22T17:30:38.899098+00:00;2026-09-22T17:30:38.899098+00:00;England - EFL Trophy;Plymouth Argyle vs Crystal Palace U21;1637090761;moneyline;away;;7.81;6.83;12.548;0;0.48;0.27;1;13.77;73.31;100.0;0.0;61.89;48.65
1637090761-moneyline-draw--1790098238;2026-09-22T17:30:38.899098+00:00;2026-09-22T17:30:38.899098+00:00;England - EFL Trophy;Plymouth Argyle vs Crystal Palace U21;1637090761;moneyline;draw;;5.91;5.64;4.569;0;0.48;0.27;1;16.67;26.69;38.07;0.0;61.89;25.48
1637064577-moneyline-away--1790098238;2026-09-22T17:30:38.899098+00:00;2026-09-22T17:30:38.899098+00:00;England - EFL Trophy;Luton Town vs Ipswich Town U21;1637064577;moneyline;away;;9.79;9.04;7.661;0;0.48;0.27;1;10.36;62.24;63.84;0.0;61.89;37.62
1637064577-moneyline-draw--1790098238;2026-09-22T17:30:38.899098+00:00;2026-09-22T17:30:38.899098+00:00;England - EFL Trophy;Luton Town vs Ipswich Town U21;1637064577;moneyline;draw;;7.1;6.77;4.648;0;0.48;0.27;1;13.83;37.76;38.73;0.0;61.89;27.52
1636937809-moneyline-away--1790098238;2026-09-22T17:30:38.899098+00:00;2026-09-22T17:30:38.899098+00:00;England - EFL Trophy;MK Dons vs Crawley Town;1636937809;moneyline;away;;8.02;7.68;4.239;0;0.48;0.27;1;11.87;64.31;35.33;0.0;61.89;32.89
1636937809-moneyline-draw--1790098238;2026-09-22T17:30:38.899098+00:00;2026-09-22T17:30:38.899098+00:00;England - EFL Trophy;MK Dons vs Crawley Town;1636937809;moneyline;draw;;5.95;5.81;2.353;0;0.48;0.27;1;15.69;35.69;19.61;0.0;61.89;23.74
1636918786-moneyline-away--1790098448;2026-09-22T17:34:08.542770+00:00;2026-09-22T17:34:08.542770+00:00;England - Northern League Division 1;Liversedge vs Silsden;1636918786;moneyline;away;;3.07;2.95;3.909;0;1.18;0.97;1;30.44;87.94;32.57;0.0;79.4;45.57
1637165529-moneyline-home--1790098448;2026-09-22T17:34:08.542770+00:00;2026-09-22T17:34:08.542770+00:00;England - Northern League Division 1;Mossley vs 1874 Northwich;1637165529;moneyline;home;;1.415;1.394;1.484;0;1.18;0.97;1;64.46;100.0;12.37;0.0;79.4;54.75
1636920011-moneyline-home--1790098448;2026-09-22T17:34:08.542770+00:00;2026-09-22T17:34:08.542770+00:00;England - Northern League Division 1;Chasetown vs Padiham;1636920011;moneyline;home;;1.452;1.437;1.033;0;1.18;0.97;1;62.53;100.0;8.61;0.0;79.4;53.42
1636713985-moneyline-away--1790098448;2026-09-22T17:34:08.542770+00:00;2026-09-22T17:34:08.542770+00:00;Scotland - Challenge Cup;Dumbarton vs Kilmarnock B;1636713985;moneyline;away;;3.25;3.2;1.538;0;1.17;0.96;1;28.44;74.81;12.82;0.0;79.18;37.71
1636713985-spread-away-0.5-1790098448;2026-09-22T17:34:08.542770+00:00;2026-09-22T17:34:08.542770+00:00;Scotland - Challenge Cup;Dumbarton vs Kilmarnock B;1636713985;spread;away;0.5;1.885;1.862;1.22;0;1.17;0.96;1;50.62;100.0;10.17;0.0;79.18;50.14
1637090737-spread-home--0.5-1790098663;2026-09-22T17:37:43.483406+00:00;2026-09-22T17:37:43.483406+00:00;England - EFL Trophy;Swindon Town vs Newport County;1637090737;spread;home;-0.5;1.901;1.787;5.997;0;0.37;0.16;1;52.09;92.86;49.97;0.0;59.25;54.76
1637175360-moneyline-away--1790098663;2026-09-22T17:37:43.483406+00:00;2026-09-22T17:37:43.483406+00:00;Brazil - Serie B;Criciuma vs Operario Ferroviario;1637175360;moneyline;away;;4.19;4.11;1.909;0;4.86;4.66;1;23.38;86.08;15.91;0.0;100.0;41.72
1636709511-moneyline-away--1790098663;2026-09-22T17:37:43.483406+00:00;2026-09-22T17:37:43.483406+00:00;Chile - Cup;Puerto Montt vs Nublense;1636709511;moneyline;away;;1.962;1.917;2.294;0;3.36;3.16;1;47.72;100.0;19.11;0.0;100.0;53.14
1636709511-spread-away--0.5-1790098663;2026-09-22T17:37:43.483406+00:00;2026-09-22T17:37:43.483406+00:00;Chile - Cup;Puerto Montt vs Nublense;1636709511;spread;away;-0.5;1.971;1.926;2.283;0;3.36;3.16;1;49.16;100.0;19.03;0.0;100.0;53.55
1636759972-moneyline-draw--1790098663;2026-09-22T17:37:43.483406+00:00;2026-09-22T17:37:43.483406+00:00;Paraguay - Cup;2 de Mayo vs Club Sol de America;1636759972;moneyline;draw;;3.58;3.45;3.631;0;3.86;3.65;1;25.71;100.0;30.26;0.0;100.0;48.77
1637090737-spread-away-0.5-1790098663;2026-09-22T17:37:43.483406+00:00;2026-09-22T17:41:18.519163+00:00;England - EFL Trophy;Swindon Town vs Newport County;1637090737;spread;away;0.5;1.952;1.901;2.613;3.58;0.37;0.16;2;50.66;100.0;21.77;20.91;59.25;53.61
1637076076-moneyline-home--1790098878;2026-09-22T17:41:18.519163+00:00;2026-09-22T17:41:18.519163+00:00;England - EFL Trophy;Peterborough United vs Colchester United;1637076076;moneyline;home;;1.467;1.412;3.749;0;0.31;0.1;1;66.61;100.0;31.24;0.0;57.76;57.01
1637069524-moneyline-home--1790098878;2026-09-22T17:41:18.519163+00:00;2026-09-22T17:41:18.519163+00:00;England - EFL Trophy;Oldham Athletic vs Fleetwood Town;1637069524;moneyline;home;;2.16;2.12;1.852;0;0.31;0.1;1;44.32;100.0;15.43;0.0;57.76;47.16
1637090737-moneyline-away--1790098878;2026-09-22T17:41:18.519163+00:00;2026-09-22T17:41:18.519163+00:00;England - EFL Trophy;Swindon Town vs Newport County;1637090737;moneyline;away;;3.59;3.46;3.621;0;0.31;0.1;1;27.16;73.8;30.18;0.0;57.76;38.41
1637090737-moneyline-draw--1790098878;2026-09-22T17:41:18.519163+00:00;2026-09-22T17:41:18.519163+00:00;England - EFL Trophy;Swindon Town vs Newport County;1637090737;moneyline;draw;;3.89;3.84;1.285;0;0.31;0.1;1;24.47;26.2;10.71;0.0;57.76;21.81
1637069525-moneyline-home--1790098878;2026-09-22T17:41:18.519163+00:00;2026-09-22T17:41:18.519163+00:00;England - EFL Trophy;Notts County vs Grimsby Town;1637069525;moneyline;home;;2.56;2.3;10.156;0;0.31;0.1;1;40.57;100.0;84.64;0.0;57.76;59.88
1637069525-spread-home-0.0-1790098878;2026-09-22T17:41:18.519163+00:00;2026-09-22T17:41:18.519163+00:00;England - EFL Trophy;Notts County vs Grimsby Town;1637069525;spread;home;0.0;1.943;1.8;7.36;0;0.31;0.1;1;53.25;100.0;61.33;0.0;57.76;59.02
1637098266-moneyline-away--1790098878;2026-09-22T17:41:18.519163+00:00;2026-09-22T17:41:18.519163+00:00;England - EFL Trophy;Barnsley vs Leeds United U21;1637098266;moneyline;away;;6.33;6.12;3.318;0;0.31;0.1;1;15.35;63.12;27.65;0.0;57.76;31.69
1637098266-moneyline-draw--1790098878;2026-09-22T17:41:18.519163+00:00;2026-09-22T17:41:18.519163+00:00;England - EFL Trophy;Barnsley vs Leeds United U21;1637098266;moneyline;draw;;5.16;5.06;1.938;0;0.31;0.1;1;18.57;36.88;16.15;0.0;57.76;23.8
1637053207-moneyline-home--1790098878;2026-09-22T17:41:18.519163+00:00;2026-09-22T17:41:18.519163+00:00;England - EFL Trophy;Cheltenham Town vs Exeter City;1637053207;moneyline;home;;2.65;2.59;2.264;0;0.31;0.1;1;36.29;100.0;18.87;0.0;57.76;45.44
1637053207-spread-home-0.0-1790098878;2026-09-22T17:41:18.519163+00:00;2026-09-22T17:41:18.519163+00:00;England - EFL Trophy;Cheltenham Town vs Exeter City;1637053207;spread;home;0.0;1.962;1.909;2.701;0;0.31;0.1;1;50.44;100.0;22.51;0.0;57.76;50.41
1637067851-moneyline-home--1790098878;2026-09-22T17:41:18.519163+00:00;2026-09-22T17:41:18.519163+00:00;England - EFL Trophy;Wigan Athletic vs Blackpool;1637067851;moneyline;home;;2.76;2.63;4.71;0;0.31;0.1;1;35.51;100.0;39.25;0.0;57.76;49.28
1637067772-moneyline-home--1790098878;2026-09-22T17:41:18.519163+00:00;2026-09-22T17:41:18.519163+00:00;England - EFL Trophy;Chesterfield vs Port Vale;1637067772;moneyline;home;;2.64;2.57;2.652;0;0.31;0.1;1;36.55;100.0;22.1;0.0;57.76;46.16
1637067772-spread-home-0.0-1790098878;2026-09-22T17:41:18.519163+00:00;2026-09-22T17:41:18.519163+00:00;England - EFL Trophy;Chesterfield vs Port Vale;1637067772;spread;home;0.0;1.99;1.935;2.764;0;0.31;0.1;1;49.77;100.0;23.03;0.0;57.76;50.31
1637086523-spread-away--0.5-1790098878;2026-09-22T17:41:18.519163+00:00;2026-09-22T17:41:18.519163+00:00;England - EFL Trophy;Walsall vs Stevenage;1637086523;spread;away;-0.5;1.971;1.847;6.291;0;0.31;0.1;1;50.51;100.0;52.43;0.0;57.76;56.41
1637086522-moneyline-home--1790098878;2026-09-22T17:41:18.519163+00:00;2026-09-22T17:41:18.519163+00:00;England - EFL Trophy;Tranmere Rovers vs Shrewsbury Town;1637086522;moneyline;home;;2.93;2.68;8.532;0;0.31;0.1;1;35.05;100.0;71.1;0.0;57.76;55.51
1637002779-moneyline-away--1790098878;2026-09-22T17:41:18.519163+00:00;2026-09-22T17:41:18.519163+00:00;England - EFL Trophy;Bradford City vs Newcastle United U21;1637002779;moneyline;away;;15.25;14.51;4.852;0;0.81;0.6;1;6.48;60.22;40.44;0.0;70.26;32.11
1637002779-moneyline-draw--1790098878;2026-09-22T17:41:18.519163+00:00;2026-09-22T17:41:18.519163+00:00;England - EFL Trophy;Bradford City vs Newcastle United U21;1637002779;moneyline;draw;;7.8;7.55;3.205;0;0.81;0.6;1;12.45;39.78;26.71;0.0;70.26;26.05
1637086544-moneyline-away--1790098878;2026-09-22T17:41:18.519163+00:00;2026-09-22T17:41:18.519163+00:00;England - EFL Trophy;Rochdale vs Liverpool U21;1637086544;moneyline;away;;2.67;2.47;7.491;0;0.31;0.1;1;38.02;100.0;62.42;0.0;57.76;54.67
1637086544-spread-away--0.0-1790098878;2026-09-22T17:41:18.519163+00:00;2026-09-22T17:41:18.519163+00:00;England - EFL Trophy;Rochdale vs Liverpool U21;1637086544;spread;away;-0.0;2.04;1.909;6.422;0;0.31;0.1;1;50.44;100.0;53.51;0.0;57.76;56.61
1637157137-moneyline-away--1790098878;2026-09-22T17:41:18.519163+00:00;2026-09-22T17:41:18.519163+00:00;England - EFL Trophy;Accrington Stanley vs Sunderland U21;1637157137;moneyline;away;;2.78;2.35;15.468;0;0.31;0.1;1;38.24;100.0;100.0;0.0;57.76;62.25
1637157137-spread-away-2.0-1790098878;2026-09-22T17:41:18.519163+00:00;2026-09-22T17:41:18.519163+00:00;England - EFL Trophy;Accrington Stanley vs Sunderland U21;1637157137;spread;away;2.0;1.87;1.781;4.759;0;0.31;0.1;1;52.29;100.0;39.66;0.0;57.76;54.4
1636768959-spread-home-0.0-1790099092;2026-09-22T17:44:52.442680+00:00;2026-09-22T17:44:52.442680+00:00;Colombia - Primera B;Atletico Cali vs Tigres;1636768959;spread;home;0.0;1.971;1.82;7.661;0;3.25;3.05;1;50.08;87.08;63.84;0.0;100.0;59.56
1636768959-spread-away--0.0-1790099092;2026-09-22T17:44:52.442680+00:00;2026-09-22T17:44:52.442680+00:00;Colombia - Primera B;Atletico Cali vs Tigres;1636768959;spread;away;-0.0;1.847;1.826;1.137;0;3.25;3.05;1;49.92;12.92;9.47;0.0;100.0;30.1
1637064580-moneyline-away--1790099092;2026-09-22T17:44:52.442680+00:00;2026-09-22T17:44:52.442680+00:00;England - EFL Trophy;Crewe Alexandra vs Aston Villa U21;1637064580;moneyline;away;;5.23;4.72;9.751;0;0.25;0.05;1;19.9;64.38;81.26;0.0;56.27;43.94
1637064580-moneyline-draw--1790099092;2026-09-22T17:44:52.442680+00:00;2026-09-22T17:44:52.442680+00:00;England - EFL Trophy;Crewe Alexandra vs Aston Villa U21;1637064580;moneyline;draw;;4.82;4.56;5.394;0;0.25;0.05;1;20.59;35.62;44.95;0.0;56.27;29.7
1637064578-spread-home--2.5-1790099092;2026-09-22T17:44:52.442680+00:00;2026-09-22T17:44:52.442680+00:00;England - EFL Trophy;Leicester City vs Fulham U21;1637064578;spread;home;-2.5;1.962;1.926;1.835;0;0.25;0.05;1;49.78;100.0;15.29;0.0;56.27;48.62
1637090755-moneyline-home--1790099092;2026-09-22T17:44:52.442680+00:00;2026-09-22T17:44:52.442680+00:00;England - EFL Trophy;Salford City vs Sheffield Wednesday;1637090755;moneyline;home;;3.25;2.81;13.538;0;0.25;0.05;1;33.42;100.0;100.0;0.0;56.27;60.65
1636937809-moneyline-away--1790099092;2026-09-22T17:44:52.442680+00:00;2026-09-22T17:44:52.442680+00:00;England - EFL Trophy;MK Dons vs Crawley Town;1636937809;moneyline;away;;7.68;6.89;10.286;0;0.25;0.05;1;13.47;48.68;85.72;0.0;56.27;38.98
1636937809-moneyline-draw--1790099092;2026-09-22T17:44:52.442680+00:00;2026-09-22T17:44:52.442680+00:00;England - EFL Trophy;MK Dons vs Crawley Town;1636937809;moneyline;draw;;5.81;5.18;10.843;0;0.25;0.05;1;17.91;51.32;90.36;0.0;56.27;41.9
1636937809-spread-away-2.0-1790099092;2026-09-22T17:44:52.442680+00:00;2026-09-22T17:44:52.442680+00:00;England - EFL Trophy;MK Dons vs Crawley Town;1636937809;spread;away;2.0;1.826;1.781;2.464;0;0.25;0.05;1;52.29;100.0;20.54;0.0;56.27;50.42
1637067771-spread-away--0.5-1790099092;2026-09-22T17:44:52.442680+00:00;2026-09-22T17:44:52.442680+00:00;England - EFL Trophy;Gillingham vs Cambridge United;1637067771;spread;away;-0.5;1.943;1.794;7.669;0;0.25;0.05;1;51.89;100.0;63.9;0.0;56.27;58.98
1637086523-moneyline-away--1790099092;2026-09-22T17:44:52.442680+00:00;2026-09-22T17:44:52.442680+00:00;England - EFL Trophy;Walsall vs Stevenage;1637086523;moneyline;away;;1.962;1.901;3.109;0;0.25;0.05;1;49.37;100.0;25.91;0.0;56.27;50.62
1637086523-spread-home-0.5-1790099092;2026-09-22T17:44:52.442680+00:00;2026-09-22T17:44:52.442680+00:00;England - EFL Trophy;Walsall vs Stevenage;1637086523;spread;home;0.5;1.935;1.885;2.584;0;0.25;0.05;1;49.49;44.31;21.53;0.0;56.27;35.86
1637064577-moneyline-home--1790099092;2026-09-22T17:44:52.442680+00:00;2026-09-22T17:44:52.442680+00:00;England - EFL Trophy;Luton Town vs Ipswich Town U21;1637064577;moneyline;home;;1.235;1.133;8.259;0;0.25;0.05;1;83.1;100.0;68.83;0.0;56.27;69.32
1637069527-moneyline-home--1790099092;2026-09-22T17:44:52.442680+00:00;2026-09-22T17:44:52.442680+00:00;England - EFL Trophy;York City vs Rotherham United;1637069527;moneyline;home;;2.75;2.57;6.545;0;0.25;0.05;1;36.57;100.0;54.55;0.0;56.27;52.51
1636836382-spread-away--1.0-1790099309;2026-09-22T17:48:29.419323+00:00;2026-09-22T17:48:29.419323+00:00;Netherlands - Cup;Groene Ster vs Amsterdamsche;1636836382;spread;away;-1.0;2.0;1.971;1.45;0;0.19;0;1;47.47;100.0;12.08;0.0;54.75;47.13
1636918786-moneyline-home--1790099309;2026-09-22T17:48:29.419323+00:00;2026-09-22T17:48:29.419323+00:00;England - Northern League Division 1;Liversedge vs Silsden;1636918786;moneyline;home;;1.98;1.909;3.586;0;0.94;0.73;1;47.08;100.0;29.88;0.0;73.45;52.44
1636866459-moneyline-home--1790099309;2026-09-22T17:48:29.419323+00:00;2026-09-22T17:48:29.419323+00:00;Scotland - Challenge Cup;Stirling Albion vs Cumbernauld Colts;1636866459;moneyline;home;;1.424;1.369;3.862;0;0.94;0.73;1;66.48;100.0;32.19;0.0;73.45;58.73
1636866459-total-over-3.5-1790099309;2026-09-22T17:48:29.419323+00:00;2026-09-22T17:48:29.419323+00:00;Scotland - Challenge Cup;Stirling Albion vs Cumbernauld Colts;1636866459;total;over;3.5;1.833;1.8;1.8;0;0.94;0.73;1;52.38;100.0;15.0;0.0;73.45;51.06
1637172987-moneyline-home--1790099309;2026-09-22T17:48:29.419323+00:00;2026-09-22T17:48:29.419323+00:00;Paraguay - Tercera Division;3 de Febrero vs River Plate Asuncion;1637172987;moneyline;home;;4.42;4.09;7.466;0;0.19;0;1;21.96;70.0;62.22;0.0;54.69;42.0
1637172987-moneyline-draw--1790099309;2026-09-22T17:48:29.419323+00:00;2026-09-22T17:48:29.419323+00:00;Paraguay - Tercera Division;3 de Febrero vs River Plate Asuncion;1637172987;moneyline;draw;;3.75;3.63;3.2;0;0.19;0;1;24.74;30.0;26.67;0.0;54.69;25.72
1637090737-spread-home--0.5-1790099528;2026-09-22T17:52:08.231622+00:00;2026-09-22T17:52:08.231622+00:00;England - EFL Trophy;Swindon Town vs Newport County;1637090737;spread;home;-0.5;1.952;1.787;8.453;0;0.13;0;1;52.09;100.0;70.44;0.0;53.25;60.04
1636689391-moneyline-away--1790099528;2026-09-22T17:52:08.231622+00:00;2026-09-22T17:52:08.231622+00:00;England - Southern Premier League Central;Stratford Town vs Bromsgrove Sporting;1636689391;moneyline;away;;1.775;1.694;4.563;0;0.88;0.68;1;53.7;100.0;38.03;0.0;71.93;55.91
1636689391-total-over-2.5-1790099528;2026-09-22T17:52:08.231622+00:00;2026-09-22T17:52:08.231622+00:00;England - Southern Premier League Central;Stratford Town vs Bromsgrove Sporting;1636689391;total;over;2.5;1.862;1.833;1.557;0;0.88;0.68;1;51.35;100.0;12.98;0.0;71.93;50.19
1636709549-moneyline-away--1790099528;2026-09-22T17:52:08.231622+00:00;2026-09-22T17:52:08.231622+00:00;Chile - Cup;Audax Italiano vs Colo Colo;1636709549;moneyline;away;;1.901;1.862;2.052;0;5.63;5.43;1;49.15;100.0;17.1;0.0;100.0;53.16
1636709549-spread-away--0.5-1790099528;2026-09-22T17:52:08.231622+00:00;2026-09-22T17:52:08.231622+00:00;Chile - Cup;Audax Italiano vs Colo Colo;1636709549;spread;away;-0.5;1.909;1.87;2.043;0;5.63;5.43;1;50.62;100.0;17.02;0.0;100.0;53.59
1636709511-moneyline-away--1790099528;2026-09-22T17:52:08.231622+00:00;2026-09-22T17:52:08.231622+00:00;Chile - Cup;Puerto Montt vs Nublense;1636709511;moneyline;away;;1.917;1.877;2.087;0;3.13;2.93;1;48.77;100.0;17.39;0.0;100.0;53.11
1636709511-spread-away--0.5-1790099528;2026-09-22T17:52:08.231622+00:00;2026-09-22T17:52:08.231622+00:00;Chile - Cup;Puerto Montt vs Nublense;1636709511;spread;away;-0.5;1.926;1.885;2.129;0;3.13;2.93;1;50.21;100.0;17.74;0.0;100.0;53.61
1636713985-moneyline-home--1790099528;2026-09-22T17:52:08.231622+00:00;2026-09-22T17:52:08.231622+00:00;Scotland - Challenge Cup;Dumbarton vs Kilmarnock B;1636713985;moneyline;home;;1.901;1.763;7.259;0;0.87;0.68;1;51.98;100.0;60.49;0.0;71.87;59.88
1636688835-moneyline-away--1790099528;2026-09-22T17:52:08.231622+00:00;2026-09-22T17:52:08.231622+00:00;England - Isthmian Premier League;Three Bridges vs Leatherhead;1636688835;moneyline;away;;1.935;1.877;2.997;0;0.87;0.68;1;48.48;100.0;24.98;0.0;71.85;51.73
1636688835-spread-away--0.5-1790099528;2026-09-22T17:52:08.231622+00:00;2026-09-22T17:52:08.231622+00:00;England - Isthmian Premier League;Three Bridges vs Leatherhead;1636688835;spread;away;-0.5;1.943;1.885;2.985;0;0.87;0.68;1;50.0;100.0;24.88;0.0;71.85;52.16
1637131525-moneyline-away--1790099528;2026-09-22T17:52:08.231622+00:00;2026-09-22T17:52:08.231622+00:00;England - FA Cup Qualification;Gainsborough Trinity vs Leamington;1637131525;moneyline;away;;3.48;3.42;1.724;0;0.87;0.67;1;26.27;100.0;14.37;0.0;71.77;42.93
1637190756-moneyline-away--1790099528;2026-09-22T17:52:08.231622+00:00;2026-09-22T17:52:08.231622+00:00;England - FA Cup Qualification;Farnborough vs Uxbridge;1637190756;moneyline;away;;3.47;3.37;2.882;0;0.87;0.67;1;26.68;100.0;24.02;0.0;71.77;44.98
1637136174-moneyline-draw--1790099528;2026-09-22T17:52:08.231622+00:00;2026-09-22T17:52:08.231622+00:00;England - Northern Premier League;Cleethorpes Town vs Redcar Athletic;1637136174;moneyline;draw;;3.39;3.33;1.77;0;0.87;0.67;1;27.37;100.0;14.75;0.0;71.74;43.33
1637136174-total-under-2.5-1790099528;2026-09-22T17:52:08.231622+00:00;2026-09-22T17:52:08.231622+00:00;England - Northern Premier League;Cleethorpes Town vs Redcar Athletic;1637136174;total;under;2.5;1.901;1.833;3.577;0;0.87;0.67;1;51.46;100.0;29.81;0.0;71.74;53.57
1637076076-moneyline-home--1790099740;2026-09-22T17:55:40.905621+00:00;2026-09-22T17:55:40.905621+00:00;England - EFL Trophy;Peterborough United vs Colchester United;1637076076;moneyline;home;;1.412;1.397;1.062;0;0.07;0;1;67.29;100.0;8.85;0.0;51.78;52.13
1637076076-total-over-3.5-1790099740;2026-09-22T17:55:40.905621+00:00;2026-09-22T17:55:40.905621+00:00;England - EFL Trophy;Peterborough United vs Colchester United;1637076076;total;over;3.5;2.0;1.98;1.0;0;0.07;0;1;48.37;100.0;8.33;0.0;51.78;46.36
1637067851-moneyline-draw--1790099740;2026-09-22T17:55:40.905621+00:00;2026-09-22T17:55:40.905621+00:00;England - EFL Trophy;Wigan Athletic vs Blackpool;1637067851;moneyline;draw;;3.94;3.6;8.629;0;0.07;0;1;26.12;100.0;71.91;0.0;51.78;52.4
1637157137-total-over-3.5-1790099740;2026-09-22T17:55:40.905621+00:00;2026-09-22T17:55:40.905621+00:00;England - EFL Trophy;Accrington Stanley vs Sunderland U21;1637157137;total;over;3.5;1.885;1.855;1.592;0;0.07;0;1;50.2;100.0;13.26;0.0;51.78;47.89
1637069524-moneyline-home--1790099740;2026-09-22T17:55:40.905621+00:00;2026-09-22T17:55:40.905621+00:00;England - EFL Trophy;Oldham Athletic vs Fleetwood Town;1637069524;moneyline;home;;2.12;2.09;1.415;0;0.07;0;1;44.97;100.0;11.79;0.0;51.78;46.03
1637067772-moneyline-home--1790099740;2026-09-22T17:55:40.905621+00:00;2026-09-22T17:55:40.905621+00:00;England - EFL Trophy;Chesterfield vs Port Vale;1637067772;moneyline;home;;2.57;2.43;5.447;0;0.07;0;1;38.69;100.0;45.4;0.0;51.78;50.86
1637067772-spread-home-0.0-1790099740;2026-09-22T17:55:40.905621+00:00;2026-09-22T17:55:40.905621+00:00;England - EFL Trophy;Chesterfield vs Port Vale;1637067772;spread;home;0.0;1.935;1.84;4.91;0;0.07;0;1;52.33;100.0;40.91;0.0;51.78;54.06
1637098266-moneyline-away--1790099740;2026-09-22T17:55:40.905621+00:00;2026-09-22T17:55:40.905621+00:00;England - EFL Trophy;Barnsley vs Leeds United U21;1637098266;moneyline;away;;6.12;5.85;4.412;0;0.07;0;1;16.06;59.81;36.76;0.0;51.78;32.3
1637098266-moneyline-draw--1790099740;2026-09-22T17:55:40.905621+00:00;2026-09-22T17:55:40.905621+00:00;England - EFL Trophy;Barnsley vs Leeds United U21;1637098266;moneyline;draw;;5.06;4.91;2.964;0;0.07;0;1;19.14;40.19;24.7;0.0;51.78;25.91
1637155305-moneyline-away--1790099740;2026-09-22T17:55:40.905621+00:00;2026-09-22T17:55:40.905621+00:00;England - EFL Trophy;Bromley vs Brentford U21;1637155305;moneyline;away;;3.6;2.72;24.444;0;0.57;0.38;1;34.53;87.97;100.0;0.0;64.28;58.78
1637155305-moneyline-draw--1790099740;2026-09-22T17:55:40.905621+00:00;2026-09-22T17:55:40.905621+00:00;England - EFL Trophy;Bromley vs Brentford U21;1637155305;moneyline;draw;;3.89;3.76;3.342;0;0.57;0.38;1;24.98;12.03;27.85;0.0;64.28;22.5
1637002779-moneyline-away--1790099740;2026-09-22T17:55:40.905621+00:00;2026-09-22T17:55:40.905621+00:00;England - EFL Trophy;Bradford City vs Newcastle United U21;1637002779;moneyline;away;;14.51;14.08;2.963;0;0.57;0.38;1;6.63;63.25;24.7;0.0;64.28;29.17
1637002779-moneyline-draw--1790099740;2026-09-22T17:55:40.905621+00:00;2026-09-22T17:55:40.905621+00:00;England - EFL Trophy;Bradford City vs Newcastle United U21;1637002779;moneyline;draw;;7.55;7.42;1.722;0;0.57;0.38;1;12.59;36.75;14.35;0.0;64.28;22.26
1636709486-moneyline-draw--1790099740;2026-09-22T17:55:40.905621+00:00;2026-09-22T17:55:40.905621+00:00;England - Southern Premier League Central;Leiston vs Peterborough Sports;1636709486;moneyline;draw;;3.53;3.44;2.55;0;0.82;0.62;1;26.6;100.0;21.25;0.0;70.45;44.27
1636816736-moneyline-away--1790099740;2026-09-22T17:55:40.905621+00:00;2026-09-22T17:55:40.905621+00:00;England - Isthmian Premier League;Brentwood Town vs Maldon and Tiptree;1636816736;moneyline;away;;3.53;3.49;1.133;0;0.81;0.62;1;26.23;100.0;9.44;0.0;70.37;41.79
1636709481-moneyline-home--1790099740;2026-09-22T17:55:40.905621+00:00;2026-09-22T17:55:40.905621+00:00;England - Southern Premier League South;Plymouth Parkway vs Frome Town;1636709481;moneyline;home;;2.04;1.917;6.029;0;0.81;0.62;1;47.79;100.0;50.25;0.0;70.34;56.42
1637136173-moneyline-away--1790099740;2026-09-22T17:55:40.905621+00:00;2026-09-22T17:55:40.905621+00:00;England - FA Cup Qualification;Dagenham and Redbridge vs Waltham Abbey;1637136173;moneyline;away;;4.67;4.5;3.64;0;0.81;0.62;1;19.97;71.23;30.34;0.0;70.28;36.89
1637136173-moneyline-draw--1790099740;2026-09-22T17:55:40.905621+00:00;2026-09-22T17:55:40.905621+00:00;England - FA Cup Qualification;Dagenham and Redbridge vs Waltham Abbey;1637136173;moneyline;draw;;4.76;4.69;1.471;0;0.81;0.62;1;19.16;28.77;12.25;0.0;70.28;22.42
1637090737-spread-away-0.5-1790099740;2026-09-22T17:55:40.905621+00:00;2026-09-22T17:59:11.620960+00:00;England - EFL Trophy;Swindon Town vs Newport County;1637090737;spread;away;0.5;1.943;1.847;4.941;3.51;0.07;0;2;52.11;100.0;41.17;20.69;51.78;57.15
1637086523-spread-away--0.5-1790099740;2026-09-22T17:55:40.905621+00:00;2026-09-22T17:59:11.620960+00:00;England - EFL Trophy;Walsall vs Stevenage;1637086523;spread;away;-0.5;1.909;1.813;5.029;3.51;0.07;0;2;53.07;100.0;41.91;20.69;51.78;57.58
1637069525-moneyline-draw--1790099951;2026-09-22T17:59:11.620960+00:00;2026-09-22T17:59:11.620960+00:00;England - EFL Trophy;Notts County vs Grimsby Town;1637069525;moneyline;draw;;3.92;3.84;2.041;0;0.01;0;1;24.45;72.78;17.01;0.0;50.31;33.96
1637069525-spread-away--0.0-1790099951;2026-09-22T17:59:11.620960+00:00;2026-09-22T17:59:11.620960+00:00;England - EFL Trophy;Notts County vs Grimsby Town;1637069525;spread;away;-0.0;2.05;2.02;1.463;0;0.01;0;1;47.76;100.0;12.2;0.0;50.31;46.8
1637090755-moneyline-home--1790099951;2026-09-22T17:59:11.620960+00:00;2026-09-22T17:59:11.620960+00:00;England - EFL Trophy;Salford City vs Sheffield Wednesday;1637090755;moneyline;home;;2.81;2.77;1.423;0;0.01;0;1;33.94;86.07;11.86;0.0;50.31;39.1
1637090737-moneyline-away--1790099951;2026-09-22T17:59:11.620960+00:00;2026-09-22T17:59:11.620960+00:00;England - EFL Trophy;Swindon Town vs Newport County;1637090737;moneyline;away;;3.46;3.28;5.202;0;0.01;0;1;28.64;100.0;43.35;0.0;50.31;47.29
1636937809-spread-home--2.0-1790099951;2026-09-22T17:59:11.620960+00:00;2026-09-22T17:59:11.620960+00:00;England - EFL Trophy;MK Dons vs Crawley Town;1636937809;spread;home;-2.0;1.952;1.877;3.842;0;0.01;0;1;49.71;100.0;32.02;0.0;50.31;51.35
1637086523-moneyline-away--1790099951;2026-09-22T17:59:11.620960+00:00;2026-09-22T17:59:11.620960+00:00;England - EFL Trophy;Walsall vs Stevenage;1637086523;moneyline;away;;1.901;1.806;4.997;0;0.01;0;1;52.0;100.0;41.64;0.0;50.31;53.96
1637086523-total-over-2.5-1790099951;2026-09-22T17:59:11.620960+00:00;2026-09-22T17:59:11.620960+00:00;England - EFL Trophy;Walsall vs Stevenage;1637086523;total;over;2.5;2.04;1.885;7.598;0;0.01;0;1;50.87;100.0;63.32;0.0;50.31;57.96
1637086523-spread-home-0.5-1790099951;2026-09-22T17:59:11.620960+00:00;2026-09-22T17:59:11.620960+00:00;England - EFL Trophy;Walsall vs Stevenage;1637086523;spread;home;0.5;2.05;1.885;8.049;0;0.01;0;1;49.49;100.0;67.07;0.0;50.31;58.29
1636768959-spread-home-0.0-1790099951;2026-09-22T17:59:11.620960+00:00;2026-09-22T17:59:11.620960+00:00;Colombia - Primera B;Atletico Cali vs Tigres;1636768959;spread;home;0.0;1.971;1.806;8.371;0;3.0;2.81;1;50.47;95.67;69.76;0.0;100.0;63.01
1636137124-moneyline-away--1790099951;2026-09-22T17:59:11.620960+00:00;2026-09-22T17:59:11.620960+00:00;Colombia - Primera A;Independiente Medellin vs Jaguares de Cordoba;1636137124;moneyline;away;;10.01;9.56;4.496;0;5.0;4.81;1;9.94;55.86;37.46;0.0;100.0;34.44
1636137124-moneyline-draw--1790099951;2026-09-22T17:59:11.620960+00:00;2026-09-22T17:59:11.620960+00:00;Colombia - Primera A;Independiente Medellin vs Jaguares de Cordoba;1636137124;moneyline;draw;;5.63;5.43;3.552;0;5.0;4.81;1;17.5;44.14;29.6;0.0;100.0;32.21
1636137124-spread-away-1.5-1790099951;2026-09-22T17:59:11.620960+00:00;2026-09-22T17:59:11.620960+00:00;Colombia - Primera A;Independiente Medellin vs Jaguares de Cordoba;1636137124;spread;away;1.5;2.0;1.926;3.7;0;5.0;4.81;1;50.0;100.0;30.83;0.0;100.0;56.17
1636688828-moneyline-home--1790100163;2026-09-22T18:02:43.540364+00:00;2026-09-22T18:02:43.540364+00:00;England - Isthmian Division 1 North;Fakenham Town vs Mulbarton Wanderers;1636688828;moneyline;home;;2.39;2.36;1.255;0;0.7;0.51;1;38.08;100.0;10.46;0.0;67.54;45.27
1636688828-spread-home-0.0-1790100163;2026-09-22T18:02:43.540364+00:00;2026-09-22T18:02:43.540364+00:00;England - Isthmian Division 1 North;Fakenham Town vs Mulbarton Wanderers;1636688828;spread;home;0.0;1.877;1.855;1.172;0;0.7;0.51;1;50.4;100.0;9.77;0.0;67.54;48.83
1636688825-moneyline-home--1790100163;2026-09-22T18:02:43.540364+00:00;2026-09-22T18:02:43.540364+00:00;England - Isthmian Division 1 North;Hashtag United vs Walthamstow;1636688825;moneyline;home;;1.139;1.093;4.039;0;0.7;0.51;1;79.67;100.0;33.66;0.0;67.54;62.38
1636709490-moneyline-home--1790100163;2026-09-22T18:02:43.540364+00:00;2026-09-22T18:02:43.540364+00:00;England - Isthmian Division 1 North;Wroxham vs Gorleston;1636709490;moneyline;home;;2.28;2.24;1.754;0;0.7;0.51;1;40.1;100.0;14.62;0.0;67.54;46.71
1636836483-moneyline-away--1790100163;2026-09-22T18:02:43.540364+00:00;2026-09-22T18:02:43.540364+00:00;Scotland - Challenge Cup;Fraserburgh vs Cove Rangers;1636836483;moneyline;away;;1.472;1.322;10.19;0;0.7;0.51;1;69.35;100.0;84.92;0.0;67.45;69.53
1636918786-moneyline-away--1790100163;2026-09-22T18:02:43.540364+00:00;2026-09-22T18:02:43.540364+00:00;England - Northern League Division 1;Liversedge vs Silsden;1636918786;moneyline;away;;3.09;3.03;1.942;0;0.7;0.51;1;29.68;100.0;16.18;0.0;67.41;43.88
1636918786-spread-away-0.5-1790100163;2026-09-22T18:02:43.540364+00:00;2026-09-22T18:02:43.540364+00:00;England - Northern League Division 1;Liversedge vs Silsden;1636918786;spread;away;0.5;1.826;1.806;1.095;0;0.7;0.51;1;51.83;100.0;9.13;0.0;67.41;49.11
1636918782-moneyline-home--1790100163;2026-09-22T18:02:43.540364+00:00;2026-09-22T18:02:43.540364+00:00;England - Northern League Division 1;Beverley Town vs Pontefract Collieries;1636918782;moneyline;home;;3.07;3.02;1.629;0;0.7;0.51;1;29.78;100.0;13.57;0.0;67.41;43.39
1636928751-moneyline-home--1790100163;2026-09-22T18:02:43.540364+00:00;2026-09-22T18:02:43.540364+00:00;England - Isthmian Division 1 South Central;Winchester City vs Bognor Regis Town;1636928751;moneyline;home;;2.38;2.18;8.403;0;0.7;0.51;1;41.29;88.44;70.03;0.0;67.39;55.24
1636928751-moneyline-draw--1790100163;2026-09-22T18:02:43.540364+00:00;2026-09-22T18:02:43.540364+00:00;England - Isthmian Division 1 South Central;Winchester City vs Bognor Regis Town;1636928751;moneyline;draw;;3.64;3.6;1.099;0;0.7;0.51;1;25.0;11.56;9.16;0.0;67.39;18.96
1636714053-moneyline-away--1790100363;2026-09-22T18:06:03.331632+00:00;2026-09-22T18:06:03.331632+00:00;Chile - Cup;Cobreloa vs Coquimbo Unido;1636714053;moneyline;away;;2.17;2.13;1.843;0;5.39;5.15;1;43.01;100.0;15.36;0.0;100.0;50.98
1636709492-moneyline-home--1790100363;2026-09-22T18:06:03.331632+00:00;2026-09-22T18:06:03.331632+00:00;Scotland - Challenge Cup;Clyde vs Rangers B;1636709492;moneyline;home;;1.787;1.629;8.842;0;0.64;0.4;1;54.87;100.0;73.68;0.0;66.06;62.8
1636836547-moneyline-home--1790100363;2026-09-22T18:06:03.331632+00:00;2026-09-22T18:06:03.331632+00:00;Scotland - Challenge Cup;Berwick Rangers vs Stranraer;1636836547;moneyline;home;;4.0;3.84;4.0;0;0.64;0.4;1;23.82;100.0;33.33;0.0;66.06;45.42
1636713985-moneyline-home--1790100363;2026-09-22T18:06:03.331632+00:00;2026-09-22T18:06:03.331632+00:00;Scotland - Challenge Cup;Dumbarton vs Kilmarnock B;1636713985;moneyline;home;;1.763;1.606;8.905;0;0.64;0.4;1;56.98;100.0;74.21;0.0;66.06;63.54
1636713985-total-over-3.5-1790100363;2026-09-22T18:06:03.331632+00:00;2026-09-22T18:06:03.331632+00:00;Scotland - Challenge Cup;Dumbarton vs Kilmarnock B;1636713985;total;over;3.5;1.962;1.935;1.376;0;0.64;0.4;1;48.94;100.0;11.47;0.0;66.06;48.58
1636688816-moneyline-home--1790100562;2026-09-22T18:09:22.507952+00:00;2026-09-22T18:09:22.507952+00:00;England - Southern Premier League South;Malvern Town vs Gloucester City;1636688816;moneyline;home;;4.23;4.18;1.182;0;0.59;0.35;1;21.9;69.85;9.85;0.0;64.75;32.48
1636709481-moneyline-away--1790100562;2026-09-22T18:09:22.507952+00:00;2026-09-22T18:09:22.507952+00:00;England - Southern Premier League South;Plymouth Parkway vs Frome Town;1636709481;moneyline;away;;3.38;3.13;7.396;0;0.59;0.35;1;29.27;87.1;61.64;0.0;64.75;49.36
1636709481-moneyline-draw--1790100562;2026-09-22T18:09:22.507952+00:00;2026-09-22T18:09:22.507952+00:00;England - Southern Premier League South;Plymouth Parkway vs Frome Town;1636709481;moneyline;draw;;3.65;3.61;1.096;0;0.59;0.35;1;25.38;12.9;9.13;0.0;64.75;19.14
1636689391-moneyline-away--1790100562;2026-09-22T18:09:22.507952+00:00;2026-09-22T18:09:22.507952+00:00;England - Southern Premier League Central;Stratford Town vs Bromsgrove Sporting;1636689391;moneyline;away;;1.694;1.633;3.601;0;0.59;0.34;1;55.74;100.0;30.01;0.0;64.65;54.19
1636689391-total-over-2.5-1790100562;2026-09-22T18:09:22.507952+00:00;2026-09-22T18:09:22.507952+00:00;England - Southern Premier League Central;Stratford Town vs Bromsgrove Sporting;1636689391;total;over;2.5;1.833;1.813;1.091;0;0.59;0.34;1;51.97;100.0;9.09;0.0;64.65;48.88
1636709484-moneyline-away--1790100562;2026-09-22T18:09:22.507952+00:00;2026-09-22T18:09:22.507952+00:00;England - Southern Premier League Central;Bury Town vs Hitchin Town;1636709484;moneyline;away;;4.83;4.42;8.489;0;0.59;0.34;1;20.71;65.84;70.74;0.0;64.65;43.29
1636709484-moneyline-draw--1790100562;2026-09-22T18:09:22.507952+00:00;2026-09-22T18:09:22.507952+00:00;England - Southern Premier League Central;Bury Town vs Hitchin Town;1636709484;moneyline;draw;;5.45;5.21;4.404;0;0.59;0.34;1;17.57;34.16;36.7;0.0;64.65;27.61
1637136174-moneyline-draw--1790100562;2026-09-22T18:09:22.507952+00:00;2026-09-22T18:09:22.507952+00:00;England - Northern Premier League;Cleethorpes Town vs Redcar Athletic;1637136174;moneyline;draw;;3.33;3.25;2.402;0;0.59;0.34;1;28.01;100.0;20.02;0.0;64.65;43.87
1636689398-moneyline-away--1790100562;2026-09-22T18:09:22.507952+00:00;2026-09-22T18:09:22.507952+00:00;England - Northern Premier League;Leek Town vs Hyde United;1636689398;moneyline;away;;2.37;2.31;2.532;0;0.59;0.34;1;38.67;50.59;21.1;0.0;64.65;34.93
1636689398-moneyline-draw--1790100562;2026-09-22T18:09:22.507952+00:00;2026-09-22T18:09:22.507952+00:00;England - Northern Premier League;Leek Town vs Hyde United;1636689398;moneyline;draw;;3.64;3.55;2.473;0;0.59;0.34;1;25.16;49.41;20.6;0.0;64.65;30.49
1636689398-spread-away--0.0-1790100562;2026-09-22T18:09:22.507952+00:00;2026-09-22T18:09:22.507952+00:00;England - Northern Premier League;Leek Town vs Hyde United;1636689398;spread;away;-0.0;1.84;1.8;2.174;0;0.59;0.34;1;51.69;82.38;18.12;0.0;64.65;46.19
1637131526-moneyline-away--1790100562;2026-09-22T18:09:22.507952+00:00;2026-09-22T18:09:22.507952+00:00;England - FA Cup Qualification;Truro City vs Merthyr Town;1637131526;moneyline;away;;3.46;3.39;2.023;0;0.58;0.34;1;26.51;64.55;16.86;0.0;64.55;33.92
1637131526-moneyline-draw--1790100562;2026-09-22T18:09:22.507952+00:00;2026-09-22T18:09:22.507952+00:00;England - FA Cup Qualification;Truro City vs Merthyr Town;1637131526;moneyline;draw;;3.6;3.56;1.111;0;0.58;0.34;1;25.24;35.45;9.26;0.0;64.55;24.74
1637131526-spread-away-0.5-1790100562;2026-09-22T18:09:22.507952+00:00;2026-09-22T18:09:22.507952+00:00;England - FA Cup Qualification;Truro City vs Merthyr Town;1637131526;spread;away;0.5;1.901;1.87;1.631;0;0.58;0.34;1;50.0;100.0;13.59;0.0;64.55;49.17
1637136173-moneyline-home--1790100562;2026-09-22T18:09:22.507952+00:00;2026-09-22T18:09:22.507952+00:00;England - FA Cup Qualification;Dagenham and Redbridge vs Waltham Abbey;1637136173;moneyline;home;;1.476;1.373;6.978;0;0.58;0.34;1;63.81;100.0;58.15;0.0;64.55;62.23
1636688835-moneyline-away--1790100562;2026-09-22T18:09:22.507952+00:00;2026-09-22T18:09:22.507952+00:00;England - Isthmian Premier League;Three Bridges vs Leatherhead;1636688835;moneyline;away;;1.877;1.746;6.979;0;0.58;0.34;1;52.42;100.0;58.16;0.0;64.52;58.81
1636768959-spread-home-0.0-1790100765;2026-09-22T18:12:45.748104+00:00;2026-09-22T18:12:45.748104+00:00;Colombia - Primera B;Atletico Cali vs Tigres;1636768959;spread;home;0.0;1.971;1.806;8.371;0;2.79;2.54;1;50.47;95.67;69.76;0.0;100.0;63.01
1636768959-spread-away--0.0-1790100765;2026-09-22T18:12:45.748104+00:00;2026-09-22T18:16:00.833204+00:00;Colombia - Primera B;Atletico Cali vs Tigres;1636768959;spread;away;-0.0;1.847;1.8;2.545;3.25;2.79;2.6;2;50.64;28.8;21.21;19.87;100.0;39.62
1637155305-moneyline-home--1790100765;2026-09-22T18:12:45.748104+00:00;2026-09-22T18:12:45.748104+00:00;England - EFL Trophy;Bromley vs Brentford U21;1637155305;moneyline;home;;2.32;2.22;4.31;0;0.28;0.04;1;42.28;100.0;35.92;0.0;57.1;50.58
1637155305-spread-away-2.0-1790100765;2026-09-22T18:12:45.748104+00:00;2026-09-22T18:12:45.748104+00:00;England - EFL Trophy;Bromley vs Brentford U21;1637155305;spread;away;2.0;1.885;1.806;4.191;0;0.28;0.04;1;51.61;100.0;34.92;0.0;57.1;53.18
1636137124-moneyline-away--1790100960;2026-09-22T18:16:00.833204+00:00;2026-09-22T18:16:00.833204+00:00;Colombia - Primera A;Independiente Medellin vs Jaguares de Cordoba;1636137124;moneyline;away;;9.56;8.98;6.067;0;4.72;4.53;1;10.58;61.07;50.56;0.0;100.0;38.55
1636137124-moneyline-draw--1790100960;2026-09-22T18:16:00.833204+00:00;2026-09-22T18:16:00.833204+00:00;Colombia - Primera A;Independiente Medellin vs Jaguares de Cordoba;1636137124;moneyline;draw;;5.43;5.22;3.867;0;4.72;4.53;1;18.2;38.93;32.23;0.0;100.0;31.64
1636137124-spread-away-1.5-1790100960;2026-09-22T18:16:00.833204+00:00;2026-09-22T18:16:00.833204+00:00;Colombia - Primera A;Independiente Medellin vs Jaguares de Cordoba;1636137124;spread;away;1.5;1.926;1.862;3.323;0;4.72;4.53;1;51.79;100.0;27.69;0.0;100.0;56.07
1636709488-moneyline-home--1790100960;2026-09-22T18:16:00.833204+00:00;2026-09-22T18:16:00.833204+00:00;England - Isthmian Division 1 North;Takeley vs Redbridge;1636709488;moneyline;home;;2.84;2.8;1.408;0;0.47;0.28;1;32.08;66.4;11.74;0.0;61.74;34.75
1636709488-spread-home-0.5-1790100960;2026-09-22T18:16:00.833204+00:00;2026-09-22T18:16:00.833204+00:00;England - Isthmian Division 1 North;Takeley vs Redbridge;1636709488;spread;home;0.5;1.82;1.8;1.099;0;0.47;0.28;1;51.91;100.0;9.16;0.0;61.74;48.58
1636689393-moneyline-away--1790100960;2026-09-22T18:16:00.833204+00:00;2026-09-22T18:16:00.833204+00:00;England - Isthmian Division 1 North;Felixstowe and Walton United vs Sudbury;1636689393;moneyline;away;;4.25;4.16;2.118;0;0.47;0.28;1;21.58;68.19;17.65;0.0;61.74;33.23
1637165529-moneyline-home--1790100363;2026-09-22T18:06:03.331632+00:00;2026-09-22T18:19:21.866943+00:00;England - Northern League Division 1;Mossley vs 1874 Northwich;1637165529;moneyline;home;;1.394;1.361;2.367;13.31;0.64;0.45;2;66.04;100.0;19.73;36.54;66.03;60.84
1636836439-moneyline-draw--1790101161;2026-09-22T18:19:21.866943+00:00;2026-09-22T18:19:21.866943+00:00;Scotland - Challenge Cup;Gala Fairydean Rovers vs Spartans;1636836439;moneyline;draw;;5.73;5.67;1.047;0;0.42;0.23;1;15.67;51.58;8.73;0.0;60.57;25.4
1636709493-moneyline-home--1790101161;2026-09-22T18:19:21.866943+00:00;2026-09-22T18:19:21.866943+00:00;Scotland - Challenge Cup;Formartine United vs Montrose;1636709493;moneyline;home;;3.75;3.55;5.333;0;0.42;0.23;1;25.82;100.0;44.44;0.0;60.57;47.69
1636709493-spread-home-0.5-1790101161;2026-09-22T18:19:21.866943+00:00;2026-09-22T18:19:21.866943+00:00;Scotland - Challenge Cup;Formartine United vs Montrose;1636709493;spread;home;0.5;1.962;1.909;2.701;0;0.42;0.23;1;49.58;100.0;22.51;0.0;60.57;50.43
1636709494-moneyline-home--1790101161;2026-09-22T18:19:21.866943+00:00;2026-09-22T18:19:21.866943+00:00;Scotland - Challenge Cup;Queen of the South vs Annan Athletic;1636709494;moneyline;home;;2.08;1.917;7.837;0;0.42;0.23;1;47.79;100.0;65.3;0.0;60.57;58.45
1636836483-moneyline-away--1790101161;2026-09-22T18:19:21.866943+00:00;2026-09-22T18:19:21.866943+00:00;Scotland - Challenge Cup;Fraserburgh vs Cove Rangers;1636836483;moneyline;away;;1.322;1.225;7.337;0;0.42;0.23;1;74.52;100.0;61.14;0.0;60.57;65.64
1636866459-moneyline-draw--1790101161;2026-09-22T18:19:21.866943+00:00;2026-09-22T18:19:21.866943+00:00;Scotland - Challenge Cup;Stirling Albion vs Cumbernauld Colts;1636866459;moneyline;draw;;5.66;4.34;23.322;0;0.42;0.23;1;21.1;100.0;100.0;0.0;60.57;57.39
1636688829-moneyline-away--1790101161;2026-09-22T18:19:21.866943+00:00;2026-09-22T18:19:21.866943+00:00;England - Isthmian Division 1 South East;South Park vs Cray Valley Paper Mills;1636688829;moneyline;away;;2.79;2.75;1.434;0;0.42;0.23;1;32.71;84.8;11.95;0.0;60.5;39.45
1636709549-moneyline-home--1790101161;2026-09-22T18:19:21.866943+00:00;2026-09-22T18:19:21.866943+00:00;Chile - Cup;Audax Italiano vs Colo Colo;1636709549;moneyline;home;;3.63;3.58;1.377;0;5.17;4.98;1;25.59;71.09;11.48;0.0;100.0;37.74
1636709549-spread-home-0.5-1790101161;2026-09-22T18:19:21.866943+00:00;2026-09-22T18:19:21.866943+00:00;Chile - Cup;Audax Italiano vs Colo Colo;1636709549;spread;home;0.5;1.917;1.893;1.252;0;5.17;4.98;1;50.0;100.0;10.43;0.0;100.0;52.09
1634922509-moneyline-home--1790101161;2026-09-22T18:19:21.866943+00:00;2026-09-22T18:19:21.866943+00:00;Algeria - Ligue 1;MC Alger vs MC Oran;1634922509;moneyline;home;;1.61;1.588;1.366;0;0.67;0.48;1;59.2;100.0;11.39;0.0;66.66;51.7
1636928751-moneyline-home--1790101161;2026-09-22T18:19:21.866943+00:00;2026-09-22T18:19:21.866943+00:00;England - Isthmian Division 1 South Central;Winchester City vs Bognor Regis Town;1636928751;moneyline;home;;2.18;2.04;6.422;0;0.41;0.22;1;44.07;95.85;53.52;0.0;60.37;53.92
1636688826-moneyline-home--1790101161;2026-09-22T18:19:21.866943+00:00;2026-09-22T18:19:21.866943+00:00;England - Isthmian Division 1 North;Cambridge City vs Witham Town;1636688826;moneyline;home;;1.82;1.714;5.824;0;0.41;0.22;1;52.41;100.0;48.53;0.0;60.36;56.46
1636688824-moneyline-away--1790101161;2026-09-22T18:19:21.866943+00:00;2026-09-22T18:19:21.866943+00:00;England - Isthmian Division 1 North;Bowers and Pitsea vs Grays Athletic;1636688824;moneyline;away;;3.11;3.07;1.286;0;0.41;0.22;1;29.28;82.32;10.72;0.0;60.36;37.54
1636688824-spread-away-0.5-1790101161;2026-09-22T18:19:21.866943+00:00;2026-09-22T18:19:21.866943+00:00;England - Isthmian Division 1 North;Bowers and Pitsea vs Grays Athletic;1636688824;spread;away;0.5;1.794;1.775;1.059;0;0.41;0.22;1;52.62;100.0;8.83;0.0;60.36;48.59
1636689394-moneyline-away--1790101161;2026-09-22T18:19:21.866943+00:00;2026-09-22T18:19:21.866943+00:00;England - Isthmian Division 1 North;Concord Rangers vs Buckhurst Hill;1636689394;moneyline;away;;3.29;3.24;1.52;0;0.41;0.22;1;27.73;59.14;12.66;0.0;60.36;31.67
1636689394-moneyline-draw--1790101161;2026-09-22T18:19:21.866943+00:00;2026-09-22T18:19:21.866943+00:00;England - Isthmian Division 1 North;Concord Rangers vs Buckhurst Hill;1636689394;moneyline;draw;;3.81;3.77;1.05;0;0.41;0.22;1;23.83;40.86;8.75;0.0;60.36;25.15
1636689394-spread-away-0.5-1790101161;2026-09-22T18:19:21.866943+00:00;2026-09-22T18:19:21.866943+00:00;England - Isthmian Division 1 North;Concord Rangers vs Buckhurst Hill;1636689394;spread;away;0.5;1.901;1.877;1.262;0;0.41;0.22;1;49.8;100.0;10.52;0.0;60.36;48.08
1636918785-moneyline-away--1790101161;2026-09-22T18:19:21.866943+00:00;2026-09-22T18:19:21.866943+00:00;England - Northern League Division 1;Garforth Town vs Lincoln United;1636918785;moneyline;away;;3.42;3.33;2.632;0;0.41;0.22;1;26.98;77.06;21.93;0.0;60.35;37.78
1636918785-spread-away-0.5-1790101161;2026-09-22T18:19:21.866943+00:00;2026-09-22T18:19:21.866943+00:00;England - Northern League Division 1;Garforth Town vs Lincoln United;1636918785;spread;away;0.5;1.952;1.909;2.203;0;0.41;0.22;1;48.89;100.0;18.36;0.0;60.35;49.37
1636920013-moneyline-away--1790101161;2026-09-22T18:19:21.866943+00:00;2026-09-22T18:19:21.866943+00:00;England - Northern League Division 1;West Auckland Town vs Heaton Stannington;1636920013;moneyline;away;;2.29;1.98;13.537;0;0.41;0.22;1;45.37;100.0;100.0;0.0;60.35;64.65
1636918788-moneyline-away--1790101161;2026-09-22T18:19:21.866943+00:00;2026-09-22T18:19:21.866943+00:00;England - Northern League Division 1;Nuneaton Town vs Grantham Town;1636918788;moneyline;away;;2.61;2.22;14.943;0;0.41;0.22;1;40.53;84.68;100.0;0.0;60.35;59.36
1636918788-moneyline-draw--1790101161;2026-09-22T18:19:21.866943+00:00;2026-09-22T18:19:21.866943+00:00;England - Northern League Division 1;Nuneaton Town vs Grantham Town;1636918788;moneyline;draw;;3.7;3.6;2.703;0;0.41;0.22;1;24.99;15.32;22.52;0.0;60.35;21.87
1636918786-moneyline-away--1790101161;2026-09-22T18:19:21.866943+00:00;2026-09-22T18:19:21.866943+00:00;England - Northern League Division 1;Liversedge vs Silsden;1636918786;moneyline;away;;3.03;2.94;2.97;0;0.41;0.22;1;30.55;91.8;24.75;0.0;60.35;43.1
1636918786-spread-away-0.5-1790101161;2026-09-22T18:19:21.866943+00:00;2026-09-22T18:19:21.866943+00:00;England - Northern League Division 1;Liversedge vs Silsden;1636918786;spread;away;0.5;1.806;1.769;2.049;0;0.41;0.22;1;52.81;100.0;17.07;0.0;60.35;50.29
1636709511-moneyline-away--1790100562;2026-09-22T18:09:22.507952+00:00;2026-09-22T18:22:42.117072+00:00;Chile - Cup;Puerto Montt vs Nublense;1636709511;moneyline;away;;1.877;1.769;5.754;13.33;2.84;2.65;2;51.47;100.0;47.95;36.56;100.0;65.51
1636709511-spread-away--0.5-1790100562;2026-09-22T18:09:22.507952+00:00;2026-09-22T18:22:42.117072+00:00;Chile - Cup;Puerto Montt vs Nublense;1636709511;spread;away;-0.5;1.885;1.775;5.836;13.33;2.84;2.65;2;53.1;100.0;48.63;36.56;100.0;66.14
1636836547-moneyline-away--1790101362;2026-09-22T18:22:42.117072+00:00;2026-09-22T18:22:42.117072+00:00;Scotland - Challenge Cup;Berwick Rangers vs Stranraer;1636836547;moneyline;away;;1.68;1.552;7.619;0;0.37;0.18;1;59.02;100.0;63.49;0.0;59.19;61.32
1636709491-moneyline-home--1790101362;2026-09-22T18:22:42.117072+00:00;2026-09-22T18:22:42.117072+00:00;Scotland - Challenge Cup;Alloa Athletic vs Hibernian B;1636709491;moneyline;home;;1.159;1.091;5.867;0;0.37;0.18;1;84.73;100.0;48.89;0.0;59.19;66.12
1637002779-moneyline-home--1790100765;2026-09-22T18:12:45.748104+00:00;2026-09-22T18:26:03.735991+00:00;England - EFL Trophy;Bradford City vs Newcastle United U21;1637002779;moneyline;home;;1.156;1.108;4.152;13.3;0.28;0.09;2;85.26;100.0;34.6;36.53;57.1;68.69
1637155305-moneyline-away--1790101563;2026-09-22T18:26:03.735991+00:00;2026-09-22T18:26:03.735991+00:00;England - EFL Trophy;Bromley vs Brentford U21;1637155305;moneyline;away;;2.75;2.68;2.545;0;0.06;0;1;35.03;100.0;21.21;0.0;51.61;44.91
1636768959-spread-home-0.0-1790101765;2026-09-22T18:29:25.383047+00:00;2026-09-22T18:29:25.383047+00:00;Colombia - Primera B;Atletico Cali vs Tigres;1636768959;spread;home;0.0;1.971;1.847;6.291;0;2.51;2.32;1;49.36;71.2;52.43;0.0;100.0;53.09
1636906778-moneyline-away--1790101765;2026-09-22T18:29:25.383047+00:00;2026-09-22T18:29:25.383047+00:00;Scotland - Challenge Cup;Banks O´Dee vs Aberdeen B;1636906778;moneyline;away;;1.69;1.571;7.041;0;0.26;0.07;1;58.27;100.0;58.68;0.0;56.39;59.86
1636768959-spread-away--0.0-1790101765;2026-09-22T18:29:25.383047+00:00;2026-09-22T18:32:47.251703+00:00;Colombia - Primera B;Atletico Cali vs Tigres;1636768959;spread;away;-0.0;1.847;1.758;4.819;3.36;2.51;2.32;2;51.74;52.48;40.16;20.24;100.0;49.71
1636713987-moneyline-away--1790101967;2026-09-22T18:32:47.251703+00:00;2026-09-22T18:32:47.251703+00:00;Scotland - Challenge Cup;Forfar Athletic vs Peterhead;1636713987;moneyline;away;;1.962;1.847;5.861;0;0.2;0.01;1;49.52;53.57;48.84;0.0;54.99;43.52
1636713987-moneyline-draw--1790101967;2026-09-22T18:32:47.251703+00:00;2026-09-22T18:32:47.251703+00:00;Scotland - Challenge Cup;Forfar Athletic vs Peterhead;1636713987;moneyline;draw;;3.74;3.55;5.08;0;0.2;0.01;1;25.76;46.43;42.34;0.0;54.99;33.3
1636713987-spread-away--0.5-1790101967;2026-09-22T18:32:47.251703+00:00;2026-09-22T18:32:47.251703+00:00;Scotland - Challenge Cup;Forfar Athletic vs Peterhead;1636713987;spread;away;-0.5;1.971;1.855;5.885;0;0.2;0.01;1;51.06;100.0;49.04;0.0;54.99;55.62
1636896177-moneyline-home--1790101967;2026-09-22T18:32:47.251703+00:00;2026-09-22T18:32:47.251703+00:00;Scotland - Challenge Cup;Clydebank vs St Mirren B;1636896177;moneyline;home;;1.562;1.543;1.216;0;0.2;0.01;1;59.34;100.0;10.14;0.0;54.99;50.33
1636896177-spread-home--1.0-1790101967;2026-09-22T18:32:47.251703+00:00;2026-09-22T18:32:47.251703+00:00;Scotland - Challenge Cup;Clydebank vs St Mirren B;1636896177;spread;home;-1.0;1.909;1.862;2.462;0;0.2;0.01;1;50.84;100.0;20.52;0.0;54.99;49.86
1636709493-moneyline-home--1790101967;2026-09-22T18:32:47.251703+00:00;2026-09-22T18:32:47.251703+00:00;Scotland - Challenge Cup;Formartine United vs Montrose;1636709493;moneyline;home;;3.55;3.44;3.099;0;0.2;0.01;1;26.61;73.82;25.82;0.0;54.99;37.1
1636709493-moneyline-draw--1790101967;2026-09-22T18:32:47.251703+00:00;2026-09-22T18:32:47.251703+00:00;Scotland - Challenge Cup;Formartine United vs Montrose;1636709493;moneyline;draw;;3.64;3.6;1.099;0;0.2;0.01;1;25.43;26.18;9.16;0.0;54.99;21.5
1636709493-spread-home-0.5-1790101967;2026-09-22T18:32:47.251703+00:00;2026-09-22T18:32:47.251703+00:00;Scotland - Challenge Cup;Formartine United vs Montrose;1636709493;spread;home;0.5;1.909;1.87;2.043;0;0.2;0.01;1;50.62;100.0;17.02;0.0;54.99;49.09
1637185194-spread-home-0.0-1790101967;2026-09-22T18:32:47.251703+00:00;2026-09-22T18:32:47.251703+00:00;El Salvador - Segunda Division;Sal Y Mar vs San Marcos de Jiquilisco;1637185194;spread;home;0.0;1.781;1.752;1.628;0;2.44;2.25;1;52.94;100.0;13.57;0.0;100.0;53.6
1636920010-moneyline-home--1790102167;2026-09-22T18:36:07.859183+00:00;2026-09-22T18:36:07.859183+00:00;England - Northern League Division 1;Congleton Town vs Bootle;1636920010;moneyline;home;;4.75;4.53;4.632;0;0.14;0;1;19.83;67.38;38.6;0.0;53.6;35.87
1636920010-moneyline-draw--1790102167;2026-09-22T18:36:07.859183+00:00;2026-09-22T18:36:07.859183+00:00;England - Northern League Division 1;Congleton Town vs Bootle;1636920010;moneyline;draw;;4.46;4.36;2.242;0;0.14;0;1;20.6;32.62;18.68;0.0;53.6;23.43
1637165529-moneyline-away--1790102167;2026-09-22T18:36:07.859183+00:00;2026-09-22T18:36:07.859183+00:00;England - Northern League Division 1;Mossley vs 1874 Northwich;1637165529;moneyline;away;;6.25;6.17;1.28;0;0.14;0;1;14.56;74.6;10.67;0.0;53.6;30.51
1636689402-moneyline-draw--1790102167;2026-09-22T18:36:07.859183+00:00;2026-09-22T18:36:07.859183+00:00;Scotland - Challenge Cup;Kelty Hearts vs Hearts II;1636689402;moneyline;draw;;5.34;4.64;13.109;0;0.14;0;1;19.74;100.0;100.0;0.0;53.6;56.28
1636713985-moneyline-home--1790102167;2026-09-22T18:36:07.859183+00:00;2026-09-22T18:36:07.859183+00:00;Scotland - Challenge Cup;Dumbarton vs Kilmarnock B;1636713985;moneyline;home;;1.606;1.562;2.74;0;0.14;0;1;58.61;100.0;22.83;0.0;53.6;52.51
1636713985-spread-home--1.0-1790102167;2026-09-22T18:36:07.859183+00:00;2026-09-22T18:36:07.859183+00:00;Scotland - Challenge Cup;Dumbarton vs Kilmarnock B;1636713985;spread;home;-1.0;1.99;1.901;4.472;0;0.14;0;1;49.79;100.0;37.27;0.0;53.6;52.75
1636836547-moneyline-away--1790102167;2026-09-22T18:36:07.859183+00:00;2026-09-22T18:36:07.859183+00:00;Scotland - Challenge Cup;Berwick Rangers vs Stranraer;1636836547;moneyline;away;;1.552;1.446;6.83;0;0.14;0;1;63.31;100.0;56.92;0.0;53.6;60.74
1637131526-moneyline-home--1790102367;2026-09-22T18:39:27.556659+00:00;2026-09-22T18:39:27.556659+00:00;England - FA Cup Qualification;Truro City vs Merthyr Town;1637131526;moneyline;home;;1.862;1.84;1.182;0;0.08;0;1;48.84;100.0;9.85;0.0;52.11;46.83
1637131526-spread-home--0.5-1790102367;2026-09-22T18:39:27.556659+00:00;2026-09-22T18:39:27.556659+00:00;England - FA Cup Qualification;Truro City vs Merthyr Town;1637131526;spread;home;-0.5;1.87;1.847;1.23;0;0.08;0;1;50.61;100.0;10.25;0.0;52.11;47.45
1636709511-moneyline-home--1790102367;2026-09-22T18:39:27.556659+00:00;2026-09-22T18:39:27.556659+00:00;Chile - Cup;Puerto Montt vs Nublense;1636709511;moneyline;home;;4.4;4.1;6.818;0;2.33;2.11;1;22.18;66.96;56.82;0.0;100.0;44.76
1636709511-moneyline-draw--1790102367;2026-09-22T18:39:27.556659+00:00;2026-09-22T18:39:27.556659+00:00;Chile - Cup;Puerto Montt vs Nublense;1636709511;moneyline;draw;;3.27;3.16;3.364;0;2.33;2.11;1;28.78;33.04;28.03;0.0;100.0;32.5
1636709511-spread-home-0.5-1790102367;2026-09-22T18:39:27.556659+00:00;2026-09-22T18:39:27.556659+00:00;Chile - Cup;Puerto Montt vs Nublense;1636709511;spread;home;0.5;2.01;1.909;5.025;0;2.33;2.11;1;49.38;100.0;41.87;0.0;100.0;58.19
1636709481-moneyline-away--1790102367;2026-09-22T18:39:27.556659+00:00;2026-09-22T18:39:27.556659+00:00;England - Southern Premier League South;Plymouth Parkway vs Frome Town;1636709481;moneyline;away;;3.13;2.99;4.473;0;0.08;0;1;30.66;94.17;37.27;0.0;52.01;45.4
1636768959-spread-home-0.0-1790102571;2026-09-22T18:42:51.113680+00:00;2026-09-22T18:42:51.113680+00:00;Colombia - Primera B;Atletico Cali vs Tigres;1636768959;spread;home;0.0;1.971;1.885;4.363;0;2.27;2.05;1;48.26;47.52;36.36;0.0;100.0;43.63
1636768959-spread-away--0.0-1790102771;2026-09-22T18:46:11.235059+00:00;2026-09-22T18:46:11.235059+00:00;Colombia - Primera B;Atletico Cali vs Tigres;1636768959;spread;away;-0.0;1.847;1.758;4.819;0;2.22;2.0;1;51.74;52.48;40.16;0.0;100.0;46.67
1636709549-moneyline-away--1790103121;2026-09-22T18:52:01.159150+00:00;2026-09-22T18:52:01.159150+00:00;Chile - Cup;Audax Italiano vs Colo Colo;1636709549;moneyline;away;;1.885;1.719;8.806;0;4.62;4.41;1;53.28;100.0;73.39;0.0;100.0;65.66
1636709549-total-over-2.5-1790103121;2026-09-22T18:52:01.159150+00:00;2026-09-22T18:52:01.159150+00:00;Chile - Cup;Audax Italiano vs Colo Colo;1636709549;total;over;2.5;1.877;1.826;2.717;0;4.62;4.41;1;51.8;100.0;22.64;0.0;100.0;55.07
1636768959-spread-home-0.0-1790103480;2026-09-22T18:58:00.036572+00:00;2026-09-22T18:58:00.036572+00:00;Colombia - Primera B;Atletico Cali vs Tigres;1636768959;spread;home;0.0;1.971;1.885;4.363;0;2.03;1.81;1;48.26;47.52;36.36;0.0;100.0;43.63
1636768959-spread-away--0.0-1790103656;2026-09-22T19:00:56.633515+00:00;2026-09-22T19:00:56.633515+00:00;Colombia - Primera B;Atletico Cali vs Tigres;1636768959;spread;away;-0.0;1.847;1.758;4.819;0;1.98;1.76;1;51.74;52.48;40.16;0.0;99.42;46.62
1636768959-spread-home-0.0-1790104362;2026-09-22T19:12:42.796414+00:00;2026-09-22T19:12:42.796414+00:00;Colombia - Primera B;Atletico Cali vs Tigres;1636768959;spread;home;0.0;1.971;1.885;4.363;0;1.79;1.58;1;48.26;47.52;36.36;0.0;94.69;43.1
1636768959-spread-away--0.0-1790104539;2026-09-22T19:15:39.949824+00:00;2026-09-22T19:15:39.949824+00:00;Colombia - Primera B;Atletico Cali vs Tigres;1636768959;spread;away;-0.0;1.87;1.758;5.989;0;1.74;1.53;1;51.95;57.25;49.91;0.0;93.46;49.23
1637165544-moneyline-home--1790104892;2026-09-22T19:21:32.332937+00:00;2026-09-22T19:21:32.332937+00:00;Bolivia - Cup;Nacional Potosi vs Real Potosi;1637165544;moneyline;home;;2.23;1.926;13.632;0;3.64;3.43;1;45.9;100.0;100.0;0.0;100.0;68.77
1636768959-spread-home-0.0-1790105245;2026-09-22T19:27:25.694320+00:00;2026-09-22T19:27:25.694320+00:00;Colombia - Primera B;Atletico Cali vs Tigres;1636768959;spread;home;0.0;1.99;1.901;4.472;0;1.54;1.33;1;48.05;42.75;37.27;0.0;88.4;41.39
1636768959-spread-away--0.0-1790105421;2026-09-22T19:30:21.870802+00:00;2026-09-22T19:30:21.870802+00:00;Colombia - Primera B;Atletico Cali vs Tigres;1636768959;spread;away;-0.0;1.87;1.758;5.989;0;1.49;1.28;1;51.95;57.25;49.91;0.0;87.18;48.6
1636137124-spread-home--1.5-1790106297;2026-09-22T19:44:57.312486+00:00;2026-09-22T19:44:57.312486+00:00;Colombia - Primera A;Independiente Medellin vs Jaguares de Cordoba;1636137124;spread;home;-1.5;2.0;1.98;1.0;0;3.25;3.03;1;48.57;100.0;8.33;0.0;100.0;51.24
1636768959-spread-away--0.0-1790106297;2026-09-22T19:44:57.312486+00:00;2026-09-22T19:44:57.312486+00:00;Colombia - Primera B;Atletico Cali vs Tigres;1636768959;spread;away;-0.0;1.87;1.758;5.989;0;1.24;1.03;1;51.95;57.25;49.91;0.0;81.03;47.98
1636768959-spread-home-0.0-1790106123;2026-09-22T19:42:03.674545+00:00;2026-09-22T19:47:54.119020+00:00;Colombia - Primera B;Atletico Cali vs Tigres;1636768959;spread;home;0.0;1.99;1.893;4.874;5.84;1.29;1.08;2;48.22;46.0;40.62;26.41;82.25;46.28
1636714053-moneyline-home--1790106648;2026-09-22T19:50:48.119512+00:00;2026-09-22T19:50:48.119512+00:00;Chile - Cup;Cobreloa vs Coquimbo Unido;1636714053;moneyline;home;;3.22;3.15;2.174;0;3.64;3.43;1;29.06;69.84;18.12;0.0;100.0;39.8
1636759972-moneyline-home--1790106824;2026-09-22T19:53:44.903220+00:00;2026-09-22T19:53:44.903220+00:00;Paraguay - Cup;2 de Mayo vs Club Sol de America;1636759972;moneyline;home;;1.769;1.746;1.3;0;1.6;1.39;1;51.47;100.0;10.83;0.0;89.95;51.6
1637175360-moneyline-away--1790106824;2026-09-22T19:53:44.903220+00:00;2026-09-22T19:53:44.903220+00:00;Brazil - Serie B;Criciuma vs Operario Ferroviario;1637175360;moneyline;away;;4.09;4.02;1.711;0;2.6;2.38;1;23.93;73.37;14.26;0.0;100.0;38.37
1637175360-spread-away-0.5-1790106824;2026-09-22T19:53:44.903220+00:00;2026-09-22T19:53:44.903220+00:00;Brazil - Serie B;Criciuma vs Operario Ferroviario;1637175360;spread;away;0.5;1.833;1.806;1.473;0;2.6;2.38;1;53.76;100.0;12.27;0.0;100.0;53.58
1636768959-spread-away--0.0-1790107177;2026-09-22T19:59:37.691059+00:00;2026-09-22T19:59:37.691059+00:00;Colombia - Primera B;Atletico Cali vs Tigres;1636768959;spread;away;-0.0;1.87;1.763;5.722;0;1.01;0.79;1;51.78;54.0;47.68;0.0;75.14;46.08
1636768959-spread-home-0.0-1790107356;2026-09-22T20:02:36.087399+00:00;2026-09-22T20:02:36.087399+00:00;Colombia - Primera B;Atletico Cali vs Tigres;1636768959;spread;home;0.0;1.99;1.893;4.874;0;0.96;0.74;1;48.22;46.0;40.62;0.0;73.91;41.48
1637165544-moneyline-home--1790107532;2026-09-22T20:05:32.756212+00:00;2026-09-22T20:05:32.756212+00:00;Bolivia - Cup;Nacional Potosi vs Real Potosi;1637165544;moneyline;home;;1.926;1.847;4.102;0;2.9;2.69;1;46.49;46.51;34.18;0.0;100.0;42.41
1637165544-moneyline-away--1790107532;2026-09-22T20:05:32.756212+00:00;2026-09-22T20:05:32.756212+00:00;Bolivia - Cup;Nacional Potosi vs Real Potosi;1637165544;moneyline;away;;3.18;3.03;4.717;0;2.9;2.69;1;28.34;53.49;39.31;0.0;100.0;39.73
1637165544-spread-home--0.5-1790107532;2026-09-22T20:05:32.756212+00:00;2026-09-22T20:05:32.756212+00:00;Bolivia - Cup;Nacional Potosi vs Real Potosi;1637165544;spread;home;-0.5;1.935;1.855;4.134;0;2.9;2.69;1;48.9;100.0;34.45;0.0;100.0;56.56
1636709549-moneyline-home--1790107532;2026-09-22T20:05:32.756212+00:00;2026-09-22T20:05:32.756212+00:00;Chile - Cup;Audax Italiano vs Colo Colo;1636709549;moneyline;home;;4.12;3.68;10.68;0;3.4;3.18;1;24.87;67.76;89.0;0.0;100.0;52.2
1636709549-moneyline-draw--1790107532;2026-09-22T20:05:32.756212+00:00;2026-09-22T20:05:32.756212+00:00;Chile - Cup;Audax Italiano vs Colo Colo;1636709549;moneyline;draw;;3.74;3.55;5.08;0;3.4;3.18;1;25.78;32.24;42.34;0.0;100.0;34.26
1636709549-spread-away--0.5-1790107532;2026-09-22T20:05:32.756212+00:00;2026-09-22T20:05:32.756212+00:00;Chile - Cup;Audax Italiano vs Colo Colo;1636709549;spread;away;-0.5;1.893;1.862;1.638;0;3.4;3.18;1;50.84;100.0;13.65;0.0;100.0;52.98
1636709549-total-under-2.5-1790107532;2026-09-22T20:05:32.756212+00:00;2026-09-22T20:05:32.756212+00:00;Chile - Cup;Audax Italiano vs Colo Colo;1636709549;total;under;2.5;1.962;1.917;2.294;0;3.4;3.18;1;49.38;100.0;19.11;0.0;100.0;53.64
1636734382-moneyline-draw--1790107532;2026-09-22T20:05:32.756212+00:00;2026-09-22T20:05:32.756212+00:00;Japan - Cup;Kashiwa Reysol vs Imabari;1636734382;moneyline;draw;;7.65;7.53;1.569;0;11.89;11.68;1;12.53;68.54;13.07;0.0;51.31;28.64
1636734384-moneyline-draw--1790107710;2026-09-22T20:08:30.788868+00:00;2026-09-22T20:08:30.788868+00:00;Japan - Cup;Kashima Antlers vs Ventforet Kofu;1636734384;moneyline;draw;;4.83;4.78;1.035;0;11.85;11.63;1;19.79;100.0;8.63;0.0;51.94;37.86
1636768959-spread-away--0.0-1790108067;2026-09-22T20:14:27.391687+00:00;2026-09-22T20:14:27.391687+00:00;Colombia - Primera B;Atletico Cali vs Tigres;1636768959;spread;away;-0.0;1.87;1.763;5.722;0;0.75;0.54;1;51.78;54.0;47.68;0.0;68.74;45.44
1637165544-moneyline-home--1790108423;2026-09-22T20:20:23.216896+00:00;2026-09-22T20:20:23.216896+00:00;Bolivia - Cup;Nacional Potosi vs Real Potosi;1637165544;moneyline;home;;1.847;1.82;1.462;0;2.66;2.45;1;46.87;68.89;12.18;0.0;100.0;43.72
1637165544-spread-home--0.5-1790108423;2026-09-22T20:20:23.216896+00:00;2026-09-22T20:20:23.216896+00:00;Bolivia - Cup;Nacional Potosi vs Real Potosi;1637165544;spread;home;-0.5;1.855;1.82;1.887;0;2.66;2.45;1;49.46;100.0;15.72;0.0;100.0;52.98
1636709549-moneyline-home--1790108423;2026-09-22T20:20:23.216896+00:00;2026-09-22T20:20:23.216896+00:00;Chile - Cup;Audax Italiano vs Colo Colo;1636709549;moneyline;home;;3.68;3.46;5.978;0;3.15;2.94;1;26.46;87.61;49.82;0.0;100.0;49.81
1636709549-spread-home-0.5-1790108423;2026-09-22T20:20:23.216896+00:00;2026-09-22T20:20:23.216896+00:00;Chile - Cup;Audax Italiano vs Colo Colo;1636709549;spread;home;0.5;1.926;1.855;3.686;0;3.15;2.94;1;51.06;100.0;30.72;0.0;100.0;56.46
1636532745-moneyline-home--1790108603;2026-09-22T20:23:23.917330+00:00;2026-09-22T20:23:23.917330+00:00;Colombia - Primera A;Independiente Santa Fe vs Deportivo Cali;1636532745;moneyline;home;;2.15;2.06;4.186;0;4.61;4.39;1;46.24;100.0;34.88;0.0;100.0;55.85
1636709511-moneyline-home--1790108603;2026-09-22T20:23:23.917330+00:00;2026-09-22T20:23:23.917330+00:00;Chile - Cup;Puerto Montt vs Nublense;1636709511;moneyline;home;;4.16;3.55;14.663;0;0.6;0.39;1;26.0;71.05;100.0;0.0;64.99;52.06
1636709511-moneyline-draw--1790108603;2026-09-22T20:23:23.917330+00:00;2026-09-22T20:23:23.917330+00:00;Chile - Cup;Puerto Montt vs Nublense;1636709511;moneyline;draw;;3.18;2.99;5.975;0;0.6;0.39;1;30.87;28.95;49.79;0.0;64.99;32.96
1637175360-moneyline-away--1790108780;2026-09-22T20:26:20.322291+00:00;2026-09-22T20:26:20.322291+00:00;Brazil - Serie B;Criciuma vs Operario Ferroviario;1637175360;moneyline;away;;3.98;3.9;2.01;0;2.05;1.84;1;24.67;86.54;16.75;0.0;100.0;42.39
1636768960-moneyline-home--1790109137;2026-09-22T20:32:17.789383+00:00;2026-09-22T20:32:17.789383+00:00;Colombia - Primera B;Real Santander vs Orsomarso;1636768960;moneyline;home;;2.34;2.29;2.137;0;0.45;0.25;1;41.01;100.0;17.81;0.0;61.36;47.0
1636714053-moneyline-away--1790109312;2026-09-22T20:35:12.428770+00:00;2026-09-22T20:35:12.428770+00:00;Chile - Cup;Cobreloa vs Coquimbo Unido;1636714053;moneyline;away;;2.11;1.952;7.488;0;2.9;2.69;1;46.86;100.0;62.4;0.0;100.0;61.54
1636709549-moneyline-home--1790109312;2026-09-22T20:35:12.428770+00:00;2026-09-22T20:35:12.428770+00:00;Chile - Cup;Audax Italiano vs Colo Colo;1636709549;moneyline;home;;3.46;3.21;7.225;0;2.9;2.69;1;28.54;86.41;60.21;0.0;100.0;52.21
1636709549-moneyline-draw--1790109312;2026-09-22T20:35:12.428770+00:00;2026-09-22T20:35:12.428770+00:00;Chile - Cup;Audax Italiano vs Colo Colo;1636709549;moneyline;draw;;3.52;3.48;1.136;0;2.9;2.69;1;26.33;13.59;9.47;0.0;100.0;23.19
1636532745-moneyline-home--1790109488;2026-09-22T20:38:08.807867+00:00;2026-09-22T20:38:08.807867+00:00;Colombia - Primera A;Independiente Santa Fe vs Deportivo Cali;1636532745;moneyline;home;;2.06;2.0;2.913;0;4.36;4.15;1;47.67;100.0;24.27;0.0;100.0;54.15
1636532745-spread-home--0.5-1790109488;2026-09-22T20:38:08.807867+00:00;2026-09-22T20:38:08.807867+00:00;Colombia - Primera A;Independiente Santa Fe vs Deportivo Cali;1636532745;spread;home;-0.5;2.07;2.01;2.899;0;4.36;4.15;1;47.89;100.0;24.15;0.0;100.0;54.2
1636709511-moneyline-home--1790109488;2026-09-22T20:38:08.807867+00:00;2026-09-22T20:38:08.807867+00:00;Chile - Cup;Puerto Montt vs Nublense;1636709511;moneyline;home;;3.55;3.1;12.676;0;0.35;0.15;1;29.92;100.0;100.0;0.0;58.86;59.86
1637175360-moneyline-away--1790109662;2026-09-22T20:41:02.499035+00:00;2026-09-22T20:41:02.499035+00:00;Brazil - Serie B;Criciuma vs Operario Ferroviario;1637175360;moneyline;away;;3.9;3.86;1.026;0;1.81;1.6;1;24.94;76.59;8.55;0.0;95.3;37.87
1636768957-moneyline-draw--1790110010;2026-09-22T20:46:50.400306+00:00;2026-09-22T20:46:50.400306+00:00;Colombia - Primera B;Independiente Yumbo vs Internacional de Palmira;1636768957;moneyline;draw;;3.08;2.8;9.091;0;0.21;0;1;33.57;100.0;75.76;0.0;55.2;55.74
1636768957-spread-home-0.0-1790110010;2026-09-22T20:46:50.400306+00:00;2026-09-22T20:46:50.400306+00:00;Colombia - Primera B;Independiente Yumbo vs Internacional de Palmira;1636768957;spread;home;0.0;1.962;1.917;2.294;0;0.21;0;1;50.23;100.0;19.11;0.0;55.2;49.41
1636768959-moneyline-away--1790110010;2026-09-22T20:46:50.400306+00:00;2026-09-22T20:46:50.400306+00:00;Colombia - Primera B;Atletico Cali vs Tigres;1636768959;moneyline;away;;2.7;2.5;7.407;0;0.21;0;1;37.58;100.0;61.73;0.0;55.2;54.14
1636768959-spread-away--0.0-1790110010;2026-09-22T20:46:50.400306+00:00;2026-09-22T20:46:50.400306+00:00;Colombia - Primera B;Atletico Cali vs Tigres;1636768959;spread;away;-0.0;1.87;1.758;5.989;0;0.21;0;1;54.78;100.0;49.91;0.0;55.2;56.94
1636768960-moneyline-draw--1790110010;2026-09-22T20:46:50.400306+00:00;2026-09-22T20:46:50.400306+00:00;Colombia - Primera B;Real Santander vs Orsomarso;1636768960;moneyline;draw;;3.13;2.85;8.946;0;0.21;0;1;32.96;100.0;74.55;0.0;55.2;55.32
1636709549-total-over-2.5-1790110355;2026-09-22T20:52:35.899137+00:00;2026-09-22T20:52:35.899137+00:00;Chile - Cup;Audax Italiano vs Colo Colo;1636709549;total;over;2.5;1.901;1.855;2.42;0;2.62;2.42;1;51.06;100.0;20.16;0.0;100.0;54.35
1636709511-moneyline-home--1790110530;2026-09-22T20:55:30.006505+00:00;2026-09-22T20:55:30.006505+00:00;Chile - Cup;Puerto Montt vs Nublense;1636709511;moneyline;home;;3.1;2.97;4.194;0;0.07;0;1;31.23;43.33;34.95;0.0;51.69;32.36
1636709511-moneyline-draw--1790110530;2026-09-22T20:55:30.006505+00:00;2026-09-22T20:55:30.006505+00:00;Chile - Cup;Puerto Montt vs Nublense;1636709511;moneyline;draw;;3.1;2.93;5.484;0;0.07;0;1;31.66;56.67;45.7;0.0;51.69;37.97
1636709549-spread-home-0.5-1790111166;2026-09-22T21:06:06.454858+00:00;2026-09-22T21:06:06.454858+00:00;Chile - Cup;Audax Italiano vs Colo Colo;1636709549;spread;home;0.5;1.855;1.781;3.989;0;2.39;2.19;1;53.14;100.0;33.24;0.0;100.0;57.59
1636709549-total-over-2.5-1790111166;2026-09-22T21:06:06.454858+00:00;2026-09-22T21:06:06.454858+00:00;Chile - Cup;Audax Italiano vs Colo Colo;1636709549;total;over;2.5;1.855;1.833;1.186;0;2.39;2.19;1;51.7;100.0;9.88;0.0;100.0;52.49
1636714053-moneyline-away--1790111166;2026-09-22T21:06:06.454858+00:00;2026-09-22T21:06:06.454858+00:00;Chile - Cup;Cobreloa vs Coquimbo Unido;1636714053;moneyline;away;;1.952;1.862;4.611;0;2.39;2.19;1;48.88;100.0;38.42;0.0;100.0;57.35
1636714053-spread-away--0.5-1790111166;2026-09-22T21:06:06.454858+00:00;2026-09-22T21:06:06.454858+00:00;Chile - Cup;Cobreloa vs Coquimbo Unido;1636714053;spread;away;-0.5;1.962;1.87;4.689;0;2.39;2.19;1;50.41;100.0;39.08;0.0;100.0;57.94
1636759972-moneyline-home--1790111339;2026-09-22T21:08:59.037192+00:00;2026-09-22T21:08:59.037192+00:00;Paraguay - Cup;2 de Mayo vs Club Sol de America;1636759972;moneyline;home;;1.746;1.719;1.546;0;0.35;0.15;1;51.92;49.94;12.89;0.0;58.68;36.5
1636759972-moneyline-away--1790111339;2026-09-22T21:08:59.037192+00:00;2026-09-22T21:08:59.037192+00:00;Paraguay - Cup;2 de Mayo vs Club Sol de America;1636759972;moneyline;away;;3.87;3.81;1.55;0;0.35;0.15;1;23.43;50.06;12.92;0.0;58.68;28.0
1637165544-moneyline-home--1790112180;2026-09-22T21:23:00.413989+00:00;2026-09-22T21:23:00.413989+00:00;Bolivia - Cup;Nacional Potosi vs Real Potosi;1637165544;moneyline;home;;1.84;1.82;1.087;0;1.62;1.42;1;46.88;29.83;9.06;0.0;90.39;32.37
1637165544-moneyline-away--1790112180;2026-09-22T21:23:00.413989+00:00;2026-09-22T21:23:00.413989+00:00;Bolivia - Cup;Nacional Potosi vs Real Potosi;1637165544;moneyline;away;;3.08;3.02;1.948;0;1.62;1.42;1;28.25;43.24;16.23;0.0;90.39;31.57
1637165544-moneyline-draw--1790112180;2026-09-22T21:23:00.413989+00:00;2026-09-22T21:23:00.413989+00:00;Bolivia - Cup;Nacional Potosi vs Real Potosi;1637165544;moneyline;draw;;3.52;3.43;2.557;0;1.62;1.42;1;24.87;56.76;21.31;0.0;90.39;34.95
1637165544-spread-home--0.5-1790112180;2026-09-22T21:23:00.413989+00:00;2026-09-22T21:23:00.413989+00:00;Bolivia - Cup;Nacional Potosi vs Real Potosi;1637165544;spread;home;-0.5;1.847;1.826;1.137;0;1.62;1.42;1;49.46;51.94;9.47;0.0;90.39;38.76
1637165544-spread-away-0.5-1790112180;2026-09-22T21:23:00.413989+00:00;2026-09-22T21:23:00.413989+00:00;Bolivia - Cup;Nacional Potosi vs Real Potosi;1637165544;spread;away;0.5;1.806;1.787;1.052;0;1.62;1.42;1;50.54;48.06;8.77;0.0;90.39;37.97
1636709549-moneyline-home--1790112180;2026-09-22T21:23:00.413989+00:00;2026-09-22T21:23:00.413989+00:00;Chile - Cup;Audax Italiano vs Colo Colo;1636709549;moneyline;home;;3.21;3.11;3.115;0;2.11;1.91;1;29.45;78.61;25.96;0.0;100.0;43.68
1636739074-moneyline-home--1790112180;2026-09-22T21:23:00.413989+00:00;2026-09-22T21:23:00.413989+00:00;Japan - Cup;Vissel Kobe vs Sagan Tosu;1636739074;moneyline;home;;1.5;1.481;1.267;0;10.61;10.41;1;63.91;100.0;10.56;0.0;67.4;53.02
1636739074-spread-home--1.0-1790112180;2026-09-22T21:23:00.413989+00:00;2026-09-22T21:23:00.413989+00:00;Japan - Cup;Vissel Kobe vs Sagan Tosu;1636739074;spread;home;-1.0;1.87;1.833;1.979;0;10.61;10.41;1;52.55;100.0;16.49;0.0;67.4;50.8
1636709549-moneyline-away--1790113017;2026-09-22T21:36:57.061547+00:00;2026-09-22T21:36:57.061547+00:00;Chile - Cup;Audax Italiano vs Colo Colo;1636709549;moneyline;away;;2.06;2.02;1.942;0;1.88;1.68;1;45.89;100.0;16.18;0.0;96.94;51.7
1636714053-moneyline-home--1790113017;2026-09-22T21:36:57.061547+00:00;2026-09-22T21:36:57.061547+00:00;Chile - Cup;Cobreloa vs Coquimbo Unido;1636714053;moneyline;home;;3.68;3.64;1.087;0;1.88;1.68;1;25.3;100.0;9.06;0.0;96.94;44.1
1637175360-moneyline-away--1790113185;2026-09-22T21:39:45.462870+00:00;2026-09-22T21:39:45.462870+00:00;Brazil - Serie B;Criciuma vs Operario Ferroviario;1637175360;moneyline;away;;3.88;3.83;1.289;0;0.83;0.63;1;25.14;80.53;10.74;0.0;70.7;36.89
1636709549-moneyline-home--1790113857;2026-09-22T21:50:57.945836+00:00;2026-09-22T21:50:57.945836+00:00;Chile - Cup;Audax Italiano vs Colo Colo;1636709549;moneyline;home;;3.26;3.18;2.454;0;1.64;1.44;1;29.17;100.0;20.45;0.0;91.11;46.95
1636714053-moneyline-away--1790113857;2026-09-22T21:50:57.945836+00:00;2026-09-22T21:50:57.945836+00:00;Chile - Cup;Cobreloa vs Coquimbo Unido;1636714053;moneyline;away;;1.901;1.87;1.631;0;1.64;1.44;1;49.28;100.0;13.59;0.0;91.11;51.61
1636714053-spread-away--0.5-1790113857;2026-09-22T21:50:57.945836+00:00;2026-09-22T21:50:57.945836+00:00;Chile - Cup;Cobreloa vs Coquimbo Unido;1636714053;spread;away;-0.5;1.909;1.877;1.676;0;1.64;1.44;1;50.64;100.0;13.97;0.0;91.11;52.1
